{
    "SiteUrl": "https://www.hmxz.org",
    "Classes": [
        {
            "type_name": "电影",
            "type_id": "1"
        },
        {
            "type_name": "剧集",
            "type_id": "2"
        },
        {
            "type_name": "综艺",
            "type_id": "5"
        },
        {
            "type_name": "动漫",
            "type_id": "3"
        }
    ],
    "Cookie": "bbs_token=FA8pLqzdH_2BRZcE3NSxK16kAtCl5DGcWlSstttSkYFQ6Wuw1J; bbs_sid=rj76f5flpvqduij8c460dqhdul; _xn_accesscount_visited=1"
}