{
  "cache_time": 7200,
  "api_site": {
    "q4oq": {
      "name": "豆豆资源网采集接口",
      "api": "https://api.douapi.cc/api.php/provide/vod"
    },
    "4rs2": {
      "name": "香蕉资源网采集接口",
      "api": "https://www.xiangjiaozyw.com/api.php/provide/vod"
    },
    "hvan": {
      "name": "山海官方资源站采集接口",
      "api": "https://zy.sh0o.cn/api.php/provide/vod"
    },
    "to6c": {
      "name": "虎牙资源采集网采集接口",
      "api": "https://www.huyaapi.com/api.php/provide/vod"
    },
    "rod6": {
      "name": "91精品资源网采集接口",
      "api": "https://91jpzyw.com/api.php/provide/vod"
    },
    "swqb": {
      "name": "幸资源站采集接口",
      "api": "https://xzybb1.com/api.php/provide/vod"
    },
    "7btv": {
      "name": "大奶子资源网采集接口",
      "api": "https://apidanaizi.com/api.php/provide/vod"
    },
    "vkw3": {
      "name": "天涯影视资源网采集接口",
      "api": "https://tyyszyapi.com/api.php/provide/vod"
    },
    "wo8r": {
      "name": "爱奇艺资源站采集接口",
      "api": "https://www.iqiyizyapi.com/api.php/provide/vod"
    },
    "3qxg": {
      "name": "电影天堂采集综合资源接口",
      "api": "http://caiji.dyttzyapi.com/api.php/provide/vod"
    },
    "skwx": {
      "name": "茅台资源站采集接口",
      "api": "https://caiji.maotaizy.cc/api.php/provide/vod"
    },
    "vpte": {
      "name": "X细胞资源网采集接口",
      "api": "https://www.xxibaozyw.com/api.php/provide/vod"
    },
    "d70s": {
      "name": "搜av资源站采集接口",
      "api": "https://api.souavzy.vip/api.php/provide/vod"
    },
    "xurh": {
      "name": "魔爪资源采集网采集接口",
      "api": "https://mozhuazy.com/api.php/provide/vod"
    },
    "ycod": {
      "name": "豆瓣资源采集站采集接口大全",
      "api": "https://caiji.dbzy5.com/api.php/provide/vod"
    },
    "hxzz": {
      "name": "如意资源网采集接口",
      "api": "https://cj.rycjapi.com/api.php/provide/vod"
    },
    "hkkb": {
      "name": "百万资源网采集接口",
      "api": "https://api.bwzyz.com/api.php/provide/vod"
    },
    "g5ly": {
      "name": "卧龙影视资源采集站采集接口",
      "api": "https://collect.wolongzy.cc/api.php/provide/vod"
    },
    "dmxl": {
      "name": "丝袜资源采集网采集接口",
      "api": "https://siwazyw.tv/api.php/provide/vod"
    },
    "bg6l": {
      "name": "无尽资源网采集接口",
      "api": "https://api.wujinapi.me/api.php/provide/vod"
    },
    "1vpl": {
      "name": "樱花资源网采集接口",
      "api": "https://m3u8.apiyhzy.com/api.php/provide/vod"
    },
    "luov": {
      "name": "麒麟资源站全站采集接口",
      "api": "http://www.qilinzyz.com/api.php/provide/vod"
    },
    "772n": {
      "name": "快车资源采集站采集接口",
      "api": "https://caiji.kczyapi.com/api.php/provide/vod"
    },
    "9zjp": {
      "name": "辣椒资源网采集接口",
      "api": "https://apilj.com/api.php/provide/vod"
    },
    "yy76": {
      "name": "ikun资源网采集接口",
      "api": "https://ikunzyapi.com/api.php/provide/vod"
    },
    "v19k": {
      "name": "155资源站采集接口",
      "api": "https://155api.com/api.php/provide/vod"
    },
    "4her": {
      "name": "非凡资源网采集接口",
      "api": "http://api.ffzyapi.com/api.php/provide/vod"
    },
    "9h6c": {
      "name": "奶香香资源站采集接口",
      "api": "https://Naixxzy.com/api.php/provide/vod"
    },
    "i30z": {
      "name": "暴风资源网采集接口",
      "api": "https://bfzyapi.com/api.php/provide/vod"
    },
    "0tli": {
      "name": "极速资源网采集接口",
      "api": "https://jszyapi.com/api.php/provide/vod"
    },
    "fohd": {
      "name": "魔都动漫资源采集网采集接口",
      "api": "https://www.mdzyapi.com/api.php/provide/vod"
    },
    "6uwb": {
      "name": "豪华资源网采集接口地址",
      "api": "https://hhzyapi.com/api.php/provide/vod"
    },
    "lqmm": {
      "name": "丫丫资源网采集接口",
      "api": "https://cj.yayazy.net/api.php/provide/vod"
    },
    "ahfg": {
      "name": "老色逼资源站采集接口",
      "api": "https://apilsbzy1.com/api.php/provide/vod"
    },
    "37jz": {
      "name": "玉兔资源采集接口",
      "api": "https://apiyutu.com/api.php/provide/vod"
    },
    "tlru": {
      "name": "360资源站采集接口",
      "api": "https://360zyzz.com/api.php/provide/vod"
    },
    "43su": {
      "name": "爱坤联盟资源网采集接口",
      "api": "https://www.jkunzyapi.com/api.php/provide/vod"
    },
    "2f87": {
      "name": "奥斯卡资源API采集接口大全",
      "api": "https://aosikazy.com/api.php/provide/vod"
    },
    "6cu3": {
      "name": "森林资源网采集接口",
      "api": "https://slapibf.com/api.php/provide/vod"
    },
    "iwlg": {
      "name": "CK资源采集接口",
      "api": "https://ckzy.me/api.php/provide/vod"
    },
    "7cx6": {
      "name": "量子资源网资源采集接口",
      "api": "https://cj.lziapi.com/api.php/provide/vod"
    },
    "qw0f": {
      "name": "光速资源站采集接口地址",
      "api": "https://api.guangsuapi.com/api.php/provide/vod"
    },
    "8ti3": {
      "name": "百度资源采集接口",
      "api": "https://api.apibdzy.com/api.php/provide/vod"
    }
  }
}