[
  {
    "type": "",
    "sourceName": "豆豆资源网采集接口",
    "baseUrl": "",
    "apiUrl": "https://cfkua.wokaotianshi.eu.org/https://api.douapi.cc/api.php/provide/vod/at/xml",
    "searchUrl": "",
    "detailUrl": "",
    "parserUrl": ""
  },
  {
    "type": "",
    "sourceName": "香蕉资源网采集接口",
    "baseUrl": "",
    "apiUrl": "https://cfkua.wokaotianshi.eu.org/https://www.xiangjiaozyw.com/api.php/provide/vod/at/xml",
    "searchUrl": "",
    "detailUrl": "",
    "parserUrl": ""
  },
  {
    "type": "",
    "sourceName": "山海官方资源站采集接口",
    "baseUrl": "",
    "apiUrl": "https://cfkua.wokaotianshi.eu.org/https://zy.sh0o.cn/api.php/provide/vod/at/xml",
    "searchUrl": "",
    "detailUrl": "",
    "parserUrl": ""
  },
  {
    "type": "",
    "sourceName": "虎牙资源采集网采集接口",
    "baseUrl": "",
    "apiUrl": "https://cfkua.wokaotianshi.eu.org/https://www.huyaapi.com/api.php/provide/vod/at/xml",
    "searchUrl": "",
    "detailUrl": "",
    "parserUrl": ""
  },
  {
    "type": "",
    "sourceName": "91精品资源网采集接口",
    "baseUrl": "",
    "apiUrl": "https://cfkua.wokaotianshi.eu.org/https://91jpzyw.com/api.php/provide/vod/at/xml",
    "searchUrl": "",
    "detailUrl": "",
    "parserUrl": ""
  },
  {
    "type": "",
    "sourceName": "幸资源站采集接口",
    "baseUrl": "",
    "apiUrl": "https://cfkua.wokaotianshi.eu.org/https://xzybb1.com/api.php/provide/vod/at/xml",
    "searchUrl": "",
    "detailUrl": "",
    "parserUrl": ""
  },
  {
    "type": "",
    "sourceName": "大奶子资源网采集接口",
    "baseUrl": "",
    "apiUrl": "https://cfkua.wokaotianshi.eu.org/https://apidanaizi.com/api.php/provide/vod/at/xml",
    "searchUrl": "",
    "detailUrl": "",
    "parserUrl": ""
  },
  {
    "type": "",
    "sourceName": "天涯影视资源网采集接口",
    "baseUrl": "",
    "apiUrl": "https://cfkua.wokaotianshi.eu.org/https://tyyszyapi.com/api.php/provide/vod/at/xml",
    "searchUrl": "",
    "detailUrl": "",
    "parserUrl": ""
  },
  {
    "type": "",
    "sourceName": "爱奇艺资源站采集接口",
    "baseUrl": "",
    "apiUrl": "https://cfkua.wokaotianshi.eu.org/https://www.iqiyizyapi.com/api.php/provide/vod/at/xml",
    "searchUrl": "",
    "detailUrl": "",
    "parserUrl": ""
  },
  {
    "type": "",
    "sourceName": "电影天堂采集综合资源接口",
    "baseUrl": "",
    "apiUrl": "https://cfkua.wokaotianshi.eu.org/http://caiji.dyttzyapi.com/api.php/provide/vod/at/xml",
    "searchUrl": "",
    "detailUrl": "",
    "parserUrl": ""
  },
  {
    "type": "",
    "sourceName": "茅台资源站采集接口",
    "baseUrl": "",
    "apiUrl": "https://cfkua.wokaotianshi.eu.org/https://caiji.maotaizy.cc/api.php/provide/vod/at/xml",
    "searchUrl": "",
    "detailUrl": "",
    "parserUrl": ""
  },
  {
    "type": "",
    "sourceName": "X细胞资源网采集接口",
    "baseUrl": "",
    "apiUrl": "https://cfkua.wokaotianshi.eu.org/https://www.xxibaozyw.com/api.php/provide/vod/at/xml",
    "searchUrl": "",
    "detailUrl": "",
    "parserUrl": ""
  },
  {
    "type": "",
    "sourceName": "搜av资源站采集接口",
    "baseUrl": "",
    "apiUrl": "https://cfkua.wokaotianshi.eu.org/https://api.souavzy.vip/api.php/provide/vod/at/xml",
    "searchUrl": "",
    "detailUrl": "",
    "parserUrl": ""
  },
  {
    "type": "",
    "sourceName": "魔爪资源采集网采集接口",
    "baseUrl": "",
    "apiUrl": "https://cfkua.wokaotianshi.eu.org/https://mozhuazy.com/api.php/provide/vod/at/xml",
    "searchUrl": "",
    "detailUrl": "",
    "parserUrl": ""
  },
  {
    "type": "",
    "sourceName": "豆瓣资源采集站采集接口大全",
    "baseUrl": "",
    "apiUrl": "https://cfkua.wokaotianshi.eu.org/https://caiji.dbzy5.com/api.php/provide/vod/at/xml",
    "searchUrl": "",
    "detailUrl": "",
    "parserUrl": ""
  },
  {
    "type": "",
    "sourceName": "如意资源网采集接口",
    "baseUrl": "",
    "apiUrl": "https://cfkua.wokaotianshi.eu.org/https://cj.rycjapi.com/api.php/provide/vod/at/xml",
    "searchUrl": "",
    "detailUrl": "",
    "parserUrl": ""
  },
  {
    "type": "",
    "sourceName": "百万资源网采集接口",
    "baseUrl": "",
    "apiUrl": "https://cfkua.wokaotianshi.eu.org/https://api.bwzyz.com/api.php/provide/vod/at/xml",
    "searchUrl": "",
    "detailUrl": "",
    "parserUrl": ""
  },
  {
    "type": "",
    "sourceName": "卧龙影视资源采集站采集接口",
    "baseUrl": "",
    "apiUrl": "https://cfkua.wokaotianshi.eu.org/https://collect.wolongzy.cc/api.php/provide/vod/at/xml",
    "searchUrl": "",
    "detailUrl": "",
    "parserUrl": ""
  },
  {
    "type": "",
    "sourceName": "丝袜资源采集网采集接口",
    "baseUrl": "",
    "apiUrl": "https://cfkua.wokaotianshi.eu.org/https://siwazyw.tv/api.php/provide/vod/at/xml",
    "searchUrl": "",
    "detailUrl": "",
    "parserUrl": ""
  },
  {
    "type": "",
    "sourceName": "无尽资源网采集接口",
    "baseUrl": "",
    "apiUrl": "https://cfkua.wokaotianshi.eu.org/https://api.wujinapi.me/api.php/provide/vod/at/xml",
    "searchUrl": "",
    "detailUrl": "",
    "parserUrl": ""
  },
  {
    "type": "",
    "sourceName": "樱花资源网采集接口",
    "baseUrl": "",
    "apiUrl": "https://cfkua.wokaotianshi.eu.org/https://m3u8.apiyhzy.com/api.php/provide/vod/at/xml",
    "searchUrl": "",
    "detailUrl": "",
    "parserUrl": ""
  },
  {
    "type": "",
    "sourceName": "麒麟资源站全站采集接口",
    "baseUrl": "",
    "apiUrl": "https://cfkua.wokaotianshi.eu.org/http://www.qilinzyz.com/api.php/provide/vod/at/xml",
    "searchUrl": "",
    "detailUrl": "",
    "parserUrl": ""
  },
  {
    "type": "",
    "sourceName": "快车资源采集站采集接口",
    "baseUrl": "",
    "apiUrl": "https://cfkua.wokaotianshi.eu.org/https://caiji.kczyapi.com/api.php/provide/vod/at/xml",
    "searchUrl": "",
    "detailUrl": "",
    "parserUrl": ""
  },
  {
    "type": "",
    "sourceName": "辣椒资源网采集接口",
    "baseUrl": "",
    "apiUrl": "https://cfkua.wokaotianshi.eu.org/https://apilj.com/api.php/provide/vod/at/xml",
    "searchUrl": "",
    "detailUrl": "",
    "parserUrl": ""
  },
  {
    "type": "",
    "sourceName": "ikun资源网采集接口",
    "baseUrl": "",
    "apiUrl": "https://cfkua.wokaotianshi.eu.org/https://ikunzyapi.com/api.php/provide/vod/at/xml",
    "searchUrl": "",
    "detailUrl": "",
    "parserUrl": ""
  },
  {
    "type": "",
    "sourceName": "155资源站采集接口",
    "baseUrl": "",
    "apiUrl": "https://cfkua.wokaotianshi.eu.org/https://155api.com/api.php/provide/vod/at/xml",
    "searchUrl": "",
    "detailUrl": "",
    "parserUrl": ""
  },
  {
    "type": "",
    "sourceName": "非凡资源网采集接口",
    "baseUrl": "",
    "apiUrl": "https://cfkua.wokaotianshi.eu.org/http://api.ffzyapi.com/api.php/provide/vod/at/xml",
    "searchUrl": "",
    "detailUrl": "",
    "parserUrl": ""
  },
  {
    "type": "",
    "sourceName": "奶香香资源站采集接口",
    "baseUrl": "",
    "apiUrl": "https://cfkua.wokaotianshi.eu.org/https://Naixxzy.com/api.php/provide/vod/at/xml",
    "searchUrl": "",
    "detailUrl": "",
    "parserUrl": ""
  },
  {
    "type": "",
    "sourceName": "暴风资源网采集接口",
    "baseUrl": "",
    "apiUrl": "https://cfkua.wokaotianshi.eu.org/https://bfzyapi.com/api.php/provide/vod/at/xml",
    "searchUrl": "",
    "detailUrl": "",
    "parserUrl": ""
  },
  {
    "type": "",
    "sourceName": "极速资源网采集接口",
    "baseUrl": "",
    "apiUrl": "https://cfkua.wokaotianshi.eu.org/https://jszyapi.com/api.php/provide/vod/at/xml",
    "searchUrl": "",
    "detailUrl": "",
    "parserUrl": ""
  },
  {
    "type": "",
    "sourceName": "魔都动漫资源采集网采集接口",
    "baseUrl": "",
    "apiUrl": "https://cfkua.wokaotianshi.eu.org/https://www.mdzyapi.com/api.php/provide/vod/at/xml",
    "searchUrl": "",
    "detailUrl": "",
    "parserUrl": ""
  },
  {
    "type": "",
    "sourceName": "豪华资源网采集接口地址",
    "baseUrl": "",
    "apiUrl": "https://cfkua.wokaotianshi.eu.org/https://hhzyapi.com/api.php/provide/vod/at/xml",
    "searchUrl": "",
    "detailUrl": "",
    "parserUrl": ""
  },
  {
    "type": "",
    "sourceName": "丫丫资源网采集接口",
    "baseUrl": "",
    "apiUrl": "https://cfkua.wokaotianshi.eu.org/https://cj.yayazy.net/api.php/provide/vod/at/xml",
    "searchUrl": "",
    "detailUrl": "",
    "parserUrl": ""
  },
  {
    "type": "",
    "sourceName": "老色逼资源站采集接口",
    "baseUrl": "",
    "apiUrl": "https://cfkua.wokaotianshi.eu.org/https://apilsbzy1.com/api.php/provide/vod/at/xml",
    "searchUrl": "",
    "detailUrl": "",
    "parserUrl": ""
  },
  {
    "type": "",
    "sourceName": "玉兔资源采集接口",
    "baseUrl": "",
    "apiUrl": "https://cfkua.wokaotianshi.eu.org/https://apiyutu.com/api.php/provide/vod/at/xml",
    "searchUrl": "",
    "detailUrl": "",
    "parserUrl": ""
  },
  {
    "type": "",
    "sourceName": "360资源站采集接口",
    "baseUrl": "",
    "apiUrl": "https://cfkua.wokaotianshi.eu.org/https://360zyzz.com/api.php/provide/vod/at/xml",
    "searchUrl": "",
    "detailUrl": "",
    "parserUrl": ""
  },
  {
    "type": "",
    "sourceName": "爱坤联盟资源网采集接口",
    "baseUrl": "",
    "apiUrl": "https://cfkua.wokaotianshi.eu.org/https://www.jkunzyapi.com/api.php/provide/vod/at/xml",
    "searchUrl": "",
    "detailUrl": "",
    "parserUrl": ""
  },
  {
    "type": "",
    "sourceName": "奥斯卡资源API采集接口大全",
    "baseUrl": "",
    "apiUrl": "https://cfkua.wokaotianshi.eu.org/https://aosikazy.com/api.php/provide/vod/at/xml",
    "searchUrl": "",
    "detailUrl": "",
    "parserUrl": ""
  },
  {
    "type": "",
    "sourceName": "森林资源网采集接口",
    "baseUrl": "",
    "apiUrl": "https://cfkua.wokaotianshi.eu.org/https://slapibf.com/api.php/provide/vod/at/xml",
    "searchUrl": "",
    "detailUrl": "",
    "parserUrl": ""
  },
  {
    "type": "",
    "sourceName": "CK资源采集接口",
    "baseUrl": "",
    "apiUrl": "https://cfkua.wokaotianshi.eu.org/https://ckzy.me/api.php/provide/vod/at/xml",
    "searchUrl": "",
    "detailUrl": "",
    "parserUrl": ""
  },
  {
    "type": "",
    "sourceName": "量子资源网资源采集接口",
    "baseUrl": "",
    "apiUrl": "https://cfkua.wokaotianshi.eu.org/https://cj.lziapi.com/api.php/provide/vod/at/xml",
    "searchUrl": "",
    "detailUrl": "",
    "parserUrl": ""
  },
  {
    "type": "",
    "sourceName": "光速资源站采集接口地址",
    "baseUrl": "",
    "apiUrl": "https://cfkua.wokaotianshi.eu.org/https://api.guangsuapi.com/api.php/provide/vod/at/xml",
    "searchUrl": "",
    "detailUrl": "",
    "parserUrl": ""
  },
  {
    "type": "",
    "sourceName": "百度资源采集接口",
    "baseUrl": "",
    "apiUrl": "https://cfkua.wokaotianshi.eu.org/https://api.apibdzy.com/api.php/provide/vod/at/xml",
    "searchUrl": "",
    "detailUrl": "",
    "parserUrl": ""
  }
]