{
  "tbl_site": [
    {
      "key": "豆豆资源网采集接口",
      "name": "豆豆资源网采集接口",
      "api": "https://cfkua.wokaotianshi.eu.org/https://api.douapi.cc/api.php/provide/vod/at/xml",
      "playUrl": "",
      "search": 1,
      "group": "切片",
      "status": true,
      "type": 0,
      "id": "1",
      "isActive": true,
      "resource": "",
      "download": ""
    },
    {
      "key": "香蕉资源网采集接口",
      "name": "香蕉资源网采集接口",
      "api": "https://cfkua.wokaotianshi.eu.org/https://www.xiangjiaozyw.com/api.php/provide/vod/at/xml",
      "playUrl": "",
      "search": 1,
      "group": "切片",
      "status": true,
      "type": 0,
      "id": "2",
      "isActive": true,
      "resource": "",
      "download": ""
    },
    {
      "key": "山海官方资源站采集接口",
      "name": "山海官方资源站采集接口",
      "api": "https://cfkua.wokaotianshi.eu.org/https://zy.sh0o.cn/api.php/provide/vod/at/xml",
      "playUrl": "",
      "search": 1,
      "group": "切片",
      "status": true,
      "type": 0,
      "id": "3",
      "isActive": true,
      "resource": "",
      "download": ""
    },
    {
      "key": "虎牙资源采集网采集接口",
      "name": "虎牙资源采集网采集接口",
      "api": "https://cfkua.wokaotianshi.eu.org/https://www.huyaapi.com/api.php/provide/vod/at/xml",
      "playUrl": "",
      "search": 1,
      "group": "切片",
      "status": true,
      "type": 0,
      "id": "4",
      "isActive": true,
      "resource": "",
      "download": ""
    },
    {
      "key": "91精品资源网采集接口",
      "name": "91精品资源网采集接口",
      "api": "https://cfkua.wokaotianshi.eu.org/https://91jpzyw.com/api.php/provide/vod/at/xml",
      "playUrl": "",
      "search": 1,
      "group": "切片",
      "status": true,
      "type": 0,
      "id": "5",
      "isActive": true,
      "resource": "",
      "download": ""
    },
    {
      "key": "幸资源站采集接口",
      "name": "幸资源站采集接口",
      "api": "https://cfkua.wokaotianshi.eu.org/https://xzybb1.com/api.php/provide/vod/at/xml",
      "playUrl": "",
      "search": 1,
      "group": "切片",
      "status": true,
      "type": 0,
      "id": "6",
      "isActive": true,
      "resource": "",
      "download": ""
    },
    {
      "key": "大奶子资源网采集接口",
      "name": "大奶子资源网采集接口",
      "api": "https://cfkua.wokaotianshi.eu.org/https://apidanaizi.com/api.php/provide/vod/at/xml",
      "playUrl": "",
      "search": 1,
      "group": "切片",
      "status": true,
      "type": 0,
      "id": "7",
      "isActive": true,
      "resource": "",
      "download": ""
    },
    {
      "key": "天涯影视资源网采集接口",
      "name": "天涯影视资源网采集接口",
      "api": "https://cfkua.wokaotianshi.eu.org/https://tyyszyapi.com/api.php/provide/vod/at/xml",
      "playUrl": "",
      "search": 1,
      "group": "切片",
      "status": true,
      "type": 0,
      "id": "8",
      "isActive": true,
      "resource": "",
      "download": ""
    },
    {
      "key": "爱奇艺资源站采集接口",
      "name": "爱奇艺资源站采集接口",
      "api": "https://cfkua.wokaotianshi.eu.org/https://www.iqiyizyapi.com/api.php/provide/vod/at/xml",
      "playUrl": "",
      "search": 1,
      "group": "切片",
      "status": true,
      "type": 0,
      "id": "9",
      "isActive": true,
      "resource": "",
      "download": ""
    },
    {
      "key": "电影天堂采集综合资源接口",
      "name": "电影天堂采集综合资源接口",
      "api": "https://cfkua.wokaotianshi.eu.org/http://caiji.dyttzyapi.com/api.php/provide/vod/at/xml",
      "playUrl": "",
      "search": 1,
      "group": "切片",
      "status": true,
      "type": 0,
      "id": "10",
      "isActive": true,
      "resource": "",
      "download": ""
    },
    {
      "key": "茅台资源站采集接口",
      "name": "茅台资源站采集接口",
      "api": "https://cfkua.wokaotianshi.eu.org/https://caiji.maotaizy.cc/api.php/provide/vod/at/xml",
      "playUrl": "",
      "search": 1,
      "group": "切片",
      "status": true,
      "type": 0,
      "id": "11",
      "isActive": true,
      "resource": "",
      "download": ""
    },
    {
      "key": "X细胞资源网采集接口",
      "name": "X细胞资源网采集接口",
      "api": "https://cfkua.wokaotianshi.eu.org/https://www.xxibaozyw.com/api.php/provide/vod/at/xml",
      "playUrl": "",
      "search": 1,
      "group": "切片",
      "status": true,
      "type": 0,
      "id": "12",
      "isActive": true,
      "resource": "",
      "download": ""
    },
    {
      "key": "搜av资源站采集接口",
      "name": "搜av资源站采集接口",
      "api": "https://cfkua.wokaotianshi.eu.org/https://api.souavzy.vip/api.php/provide/vod/at/xml",
      "playUrl": "",
      "search": 1,
      "group": "切片",
      "status": true,
      "type": 0,
      "id": "13",
      "isActive": true,
      "resource": "",
      "download": ""
    },
    {
      "key": "魔爪资源采集网采集接口",
      "name": "魔爪资源采集网采集接口",
      "api": "https://cfkua.wokaotianshi.eu.org/https://mozhuazy.com/api.php/provide/vod/at/xml",
      "playUrl": "",
      "search": 1,
      "group": "切片",
      "status": true,
      "type": 0,
      "id": "14",
      "isActive": true,
      "resource": "",
      "download": ""
    },
    {
      "key": "豆瓣资源采集站采集接口大全",
      "name": "豆瓣资源采集站采集接口大全",
      "api": "https://cfkua.wokaotianshi.eu.org/https://caiji.dbzy5.com/api.php/provide/vod/at/xml",
      "playUrl": "",
      "search": 1,
      "group": "切片",
      "status": true,
      "type": 0,
      "id": "15",
      "isActive": true,
      "resource": "",
      "download": ""
    },
    {
      "key": "如意资源网采集接口",
      "name": "如意资源网采集接口",
      "api": "https://cfkua.wokaotianshi.eu.org/https://cj.rycjapi.com/api.php/provide/vod/at/xml",
      "playUrl": "",
      "search": 1,
      "group": "切片",
      "status": true,
      "type": 0,
      "id": "16",
      "isActive": true,
      "resource": "",
      "download": ""
    },
    {
      "key": "百万资源网采集接口",
      "name": "百万资源网采集接口",
      "api": "https://cfkua.wokaotianshi.eu.org/https://api.bwzyz.com/api.php/provide/vod/at/xml",
      "playUrl": "",
      "search": 1,
      "group": "切片",
      "status": true,
      "type": 0,
      "id": "17",
      "isActive": true,
      "resource": "",
      "download": ""
    },
    {
      "key": "卧龙影视资源采集站采集接口",
      "name": "卧龙影视资源采集站采集接口",
      "api": "https://cfkua.wokaotianshi.eu.org/https://collect.wolongzy.cc/api.php/provide/vod/at/xml",
      "playUrl": "",
      "search": 1,
      "group": "切片",
      "status": true,
      "type": 0,
      "id": "18",
      "isActive": true,
      "resource": "",
      "download": ""
    },
    {
      "key": "丝袜资源采集网采集接口",
      "name": "丝袜资源采集网采集接口",
      "api": "https://cfkua.wokaotianshi.eu.org/https://siwazyw.tv/api.php/provide/vod/at/xml",
      "playUrl": "",
      "search": 1,
      "group": "切片",
      "status": true,
      "type": 0,
      "id": "19",
      "isActive": true,
      "resource": "",
      "download": ""
    },
    {
      "key": "无尽资源网采集接口",
      "name": "无尽资源网采集接口",
      "api": "https://cfkua.wokaotianshi.eu.org/https://api.wujinapi.me/api.php/provide/vod/at/xml",
      "playUrl": "",
      "search": 1,
      "group": "切片",
      "status": true,
      "type": 0,
      "id": "20",
      "isActive": true,
      "resource": "",
      "download": ""
    },
    {
      "key": "樱花资源网采集接口",
      "name": "樱花资源网采集接口",
      "api": "https://cfkua.wokaotianshi.eu.org/https://m3u8.apiyhzy.com/api.php/provide/vod/at/xml",
      "playUrl": "",
      "search": 1,
      "group": "切片",
      "status": true,
      "type": 0,
      "id": "21",
      "isActive": true,
      "resource": "",
      "download": ""
    },
    {
      "key": "麒麟资源站全站采集接口",
      "name": "麒麟资源站全站采集接口",
      "api": "https://cfkua.wokaotianshi.eu.org/http://www.qilinzyz.com/api.php/provide/vod/at/xml",
      "playUrl": "",
      "search": 1,
      "group": "切片",
      "status": true,
      "type": 0,
      "id": "22",
      "isActive": true,
      "resource": "",
      "download": ""
    },
    {
      "key": "快车资源采集站采集接口",
      "name": "快车资源采集站采集接口",
      "api": "https://cfkua.wokaotianshi.eu.org/https://caiji.kczyapi.com/api.php/provide/vod/at/xml",
      "playUrl": "",
      "search": 1,
      "group": "切片",
      "status": true,
      "type": 0,
      "id": "23",
      "isActive": true,
      "resource": "",
      "download": ""
    },
    {
      "key": "辣椒资源网采集接口",
      "name": "辣椒资源网采集接口",
      "api": "https://cfkua.wokaotianshi.eu.org/https://apilj.com/api.php/provide/vod/at/xml",
      "playUrl": "",
      "search": 1,
      "group": "切片",
      "status": true,
      "type": 0,
      "id": "24",
      "isActive": true,
      "resource": "",
      "download": ""
    },
    {
      "key": "ikun资源网采集接口",
      "name": "ikun资源网采集接口",
      "api": "https://cfkua.wokaotianshi.eu.org/https://ikunzyapi.com/api.php/provide/vod/at/xml",
      "playUrl": "",
      "search": 1,
      "group": "切片",
      "status": true,
      "type": 0,
      "id": "25",
      "isActive": true,
      "resource": "",
      "download": ""
    },
    {
      "key": "155资源站采集接口",
      "name": "155资源站采集接口",
      "api": "https://cfkua.wokaotianshi.eu.org/https://155api.com/api.php/provide/vod/at/xml",
      "playUrl": "",
      "search": 1,
      "group": "切片",
      "status": true,
      "type": 0,
      "id": "26",
      "isActive": true,
      "resource": "",
      "download": ""
    },
    {
      "key": "非凡资源网采集接口",
      "name": "非凡资源网采集接口",
      "api": "https://cfkua.wokaotianshi.eu.org/http://api.ffzyapi.com/api.php/provide/vod/at/xml",
      "playUrl": "",
      "search": 1,
      "group": "切片",
      "status": true,
      "type": 0,
      "id": "27",
      "isActive": true,
      "resource": "",
      "download": ""
    },
    {
      "key": "奶香香资源站采集接口",
      "name": "奶香香资源站采集接口",
      "api": "https://cfkua.wokaotianshi.eu.org/https://Naixxzy.com/api.php/provide/vod/at/xml",
      "playUrl": "",
      "search": 1,
      "group": "切片",
      "status": true,
      "type": 0,
      "id": "28",
      "isActive": true,
      "resource": "",
      "download": ""
    },
    {
      "key": "暴风资源网采集接口",
      "name": "暴风资源网采集接口",
      "api": "https://cfkua.wokaotianshi.eu.org/https://bfzyapi.com/api.php/provide/vod/at/xml",
      "playUrl": "",
      "search": 1,
      "group": "切片",
      "status": true,
      "type": 0,
      "id": "29",
      "isActive": true,
      "resource": "",
      "download": ""
    },
    {
      "key": "极速资源网采集接口",
      "name": "极速资源网采集接口",
      "api": "https://cfkua.wokaotianshi.eu.org/https://jszyapi.com/api.php/provide/vod/at/xml",
      "playUrl": "",
      "search": 1,
      "group": "切片",
      "status": true,
      "type": 0,
      "id": "30",
      "isActive": true,
      "resource": "",
      "download": ""
    },
    {
      "key": "魔都动漫资源采集网采集接口",
      "name": "魔都动漫资源采集网采集接口",
      "api": "https://cfkua.wokaotianshi.eu.org/https://www.mdzyapi.com/api.php/provide/vod/at/xml",
      "playUrl": "",
      "search": 1,
      "group": "切片",
      "status": true,
      "type": 0,
      "id": "31",
      "isActive": true,
      "resource": "",
      "download": ""
    },
    {
      "key": "豪华资源网采集接口地址",
      "name": "豪华资源网采集接口地址",
      "api": "https://cfkua.wokaotianshi.eu.org/https://hhzyapi.com/api.php/provide/vod/at/xml",
      "playUrl": "",
      "search": 1,
      "group": "切片",
      "status": true,
      "type": 0,
      "id": "32",
      "isActive": true,
      "resource": "",
      "download": ""
    },
    {
      "key": "丫丫资源网采集接口",
      "name": "丫丫资源网采集接口",
      "api": "https://cfkua.wokaotianshi.eu.org/https://cj.yayazy.net/api.php/provide/vod/at/xml",
      "playUrl": "",
      "search": 1,
      "group": "切片",
      "status": true,
      "type": 0,
      "id": "33",
      "isActive": true,
      "resource": "",
      "download": ""
    },
    {
      "key": "老色逼资源站采集接口",
      "name": "老色逼资源站采集接口",
      "api": "https://cfkua.wokaotianshi.eu.org/https://apilsbzy1.com/api.php/provide/vod/at/xml",
      "playUrl": "",
      "search": 1,
      "group": "切片",
      "status": true,
      "type": 0,
      "id": "34",
      "isActive": true,
      "resource": "",
      "download": ""
    },
    {
      "key": "玉兔资源采集接口",
      "name": "玉兔资源采集接口",
      "api": "https://cfkua.wokaotianshi.eu.org/https://apiyutu.com/api.php/provide/vod/at/xml",
      "playUrl": "",
      "search": 1,
      "group": "切片",
      "status": true,
      "type": 0,
      "id": "35",
      "isActive": true,
      "resource": "",
      "download": ""
    },
    {
      "key": "360资源站采集接口",
      "name": "360资源站采集接口",
      "api": "https://cfkua.wokaotianshi.eu.org/https://360zyzz.com/api.php/provide/vod/at/xml",
      "playUrl": "",
      "search": 1,
      "group": "切片",
      "status": true,
      "type": 0,
      "id": "36",
      "isActive": true,
      "resource": "",
      "download": ""
    },
    {
      "key": "爱坤联盟资源网采集接口",
      "name": "爱坤联盟资源网采集接口",
      "api": "https://cfkua.wokaotianshi.eu.org/https://www.jkunzyapi.com/api.php/provide/vod/at/xml",
      "playUrl": "",
      "search": 1,
      "group": "切片",
      "status": true,
      "type": 0,
      "id": "37",
      "isActive": true,
      "resource": "",
      "download": ""
    },
    {
      "key": "奥斯卡资源API采集接口大全",
      "name": "奥斯卡资源API采集接口大全",
      "api": "https://cfkua.wokaotianshi.eu.org/https://aosikazy.com/api.php/provide/vod/at/xml",
      "playUrl": "",
      "search": 1,
      "group": "切片",
      "status": true,
      "type": 0,
      "id": "38",
      "isActive": true,
      "resource": "",
      "download": ""
    },
    {
      "key": "森林资源网采集接口",
      "name": "森林资源网采集接口",
      "api": "https://cfkua.wokaotianshi.eu.org/https://slapibf.com/api.php/provide/vod/at/xml",
      "playUrl": "",
      "search": 1,
      "group": "切片",
      "status": true,
      "type": 0,
      "id": "39",
      "isActive": true,
      "resource": "",
      "download": ""
    },
    {
      "key": "CK资源采集接口",
      "name": "CK资源采集接口",
      "api": "https://cfkua.wokaotianshi.eu.org/https://ckzy.me/api.php/provide/vod/at/xml",
      "playUrl": "",
      "search": 1,
      "group": "切片",
      "status": true,
      "type": 0,
      "id": "40",
      "isActive": true,
      "resource": "",
      "download": ""
    },
    {
      "key": "量子资源网资源采集接口",
      "name": "量子资源网资源采集接口",
      "api": "https://cfkua.wokaotianshi.eu.org/https://cj.lziapi.com/api.php/provide/vod/at/xml",
      "playUrl": "",
      "search": 1,
      "group": "切片",
      "status": true,
      "type": 0,
      "id": "41",
      "isActive": true,
      "resource": "",
      "download": ""
    },
    {
      "key": "光速资源站采集接口地址",
      "name": "光速资源站采集接口地址",
      "api": "https://cfkua.wokaotianshi.eu.org/https://api.guangsuapi.com/api.php/provide/vod/at/xml",
      "playUrl": "",
      "search": 1,
      "group": "切片",
      "status": true,
      "type": 0,
      "id": "42",
      "isActive": true,
      "resource": "",
      "download": ""
    },
    {
      "key": "百度资源采集接口",
      "name": "百度资源采集接口",
      "api": "https://cfkua.wokaotianshi.eu.org/https://api.apibdzy.com/api.php/provide/vod/at/xml",
      "playUrl": "",
      "search": 1,
      "group": "切片",
      "status": true,
      "type": 0,
      "id": "43",
      "isActive": true,
      "resource": "",
      "download": ""
    }
  ]
}