{
    "规则名": "看一看",
    "规则作者": "",
    "请求头参数": "User-Agent$手机#Referer$https://www.kykyy.cc/",
    "网页编码格式": "UTF-8",
    "图片是否需要代理": "0",
    "是否开启获取首页数据": "1",
    "首页推荐链接": "https://www.kykyy.cc",
    "首页列表数组规则": "body&&.index-area",
    "首页片单列表数组规则": "ul&&li",
    "首页片单是否Jsoup写法": "1",
    "分类起始页码": "1",
    "分类链接": "https://www.kykyy.cc/index.php?m=vod-list-id-{cateId}-pg-{catePg}-order--by-{by}-class-0-year-0-letter--area-{area}-lang-.html",
    "分类名称": "电影&电视剧&综艺&动漫",
    "分类名称替换词": "1&2&3&4",
    //"筛选数据": {},
    "筛选数据": "ext",
    //{cateId}
    "筛选子分类名称": "动作片&喜剧片&爱情片&科幻片&恐怖片&剧情片&战争片&纪录片&微电影&惊悚片&悬疑片||国产剧&港台剧&日韩剧&欧美剧&泰剧&海外剧||TV综艺&音乐MV||TV版&电影版&剧场版&国语经典",
    "筛选子分类替换词": "5&6&7&8&9&10&11&16&18&20&21||12&13&14&15&19&32||26&31||23&24&25&36",
    //{class}
    "筛选类型名称": "",
    "筛选类型替换词": "*",
    //{area}
    "筛选地区名称": "大陆&香港&台湾&美国&韩国&日本&泰国&新加坡&马来西亚&印度&英国&法国&加拿大&西班牙&俄罗斯&其它",
    "筛选地区替换词": "*",
    //{year}
    "筛选年份名称": "",
    "筛选年份替换词": "*",
    //{lang}
    "筛选语言名称": "",
    "筛选语言替换词": "*",
    //{by}
    "筛选排序名称": "时间&人气&评分",
    "筛选排序替换词": "time&hits&score",
    "分类截取模式": "1",
    "分类列表数组规则": ".index-area&&li",
    "分类片单是否Jsoup写法": "1",
    "分类片单标题": "a&&title",
    "分类片单链接": "a&&href",
    "分类片单图片": "img&&data-original",
    "分类片单副标题": ".other&&Text",
    "分类片单链接加前缀": "https://www.kykyy.cc",
    "分类片单链接加后缀": "",
    "搜索请求头参数": "User-Agent$手机#Referer$https://www.kykyy.cc/",
    "搜索链接": "https://www.kykyy.cc/index.php?m=vod-search-pg-1-wd-{wd}.html",
    "POST请求数据": "",
    "搜索截取模式": "1",
    "搜索列表数组规则": ".index-area&&li",
    "搜索片单是否Jsoup写法": "1",
    "搜索片单图片": "img&&data-original",
    "搜索片单标题": "a&&title",
    "搜索片单链接": "a&&href",
    "搜索片单副标题": ".other&&Text",
    "搜索片单链接加前缀": "https://www.kykyy.cc",
    "搜索片单链接加后缀": "",
    "链接是否直接播放": "0",
    "直接播放链接加前缀": "",
    "直接播放链接加后缀": "",
    "直接播放直链视频请求头": "",
    "详情是否Jsoup写法": "1",
    "类型详情": "",
    "年代详情": "",
    "地区详情": "",
    "演员详情": "",
    "简介详情": ".ct-c&&.js&&Text",
    "线路列表数组规则": ".playfrom&&li",
    "线路标题": "Text",
    "播放列表数组规则": "body&&.playlist",
    "选集列表数组规则": "ul&&li",
    "选集标题链接是否Jsoup写法": "1",
    "选集标题": "a&&Text",
    "选集链接": "a&&href",
    "是否反转选集序列": "0",
    "选集链接加前缀": "https://www.kykyy.cc",
    "选集链接加后缀": "",
    "分析MacPlayer": "0",
    "是否开启手动嗅探": "0",
    "手动嗅探视频链接关键词": ".mp4#.m3u8#.flv#video/tos",
    "手动嗅探视频链接过滤词": ".html#=http"
}