{
    "规则名": "斗鱼直播",
    "规则作者": "香雅情",
    "请求头参数": "手机",
    "网页编码格式": "UTF-8",
    "图片是否需要代理": "0",
    "是否开启获取首页数据": "0",
    "分类起始页码": "1",
    "分类链接": "https://m.douyu.com/api/room/list?page={catePg}&type={cateId}",
    "分类名称": "网游竞技&单机热游&手游休闲&娱乐天地&颜值&科技文化&语音互动&语音直播&正能量&赛车竞技&京斗云",
    "分类名称替换词": "LOL&TVgame&wzry&ecy&yz&wh&paidui&yyjy&znl&eracing&jdy",
    "筛选数据": "ext",
    "筛选子分类名称": "英雄联盟&热门游戏&穿越火线&超击突破&CFHD&使命召唤&DNF&DOTA2&炉石传说&CS:GO&无畏契约&lol云顶之弈&魔兽争霸&魔兽怀旧服&自走棋&传奇&跑跑卡丁车&网易游戏&星际争霸&格斗游戏&守望先锋归来&DOTA&魔兽世界&剑网3&魔域&我的世界&超激斗梦境&冒险岛&三国杀&梦幻西游&天涯明月刀&街头篮球&NBA2KOL2&QQ飞车端游&战地之王&军事游戏&棋牌娱乐&FIFA ONLINE 4&热门网游&诛仙世界&千古风流&APEX&流放之路POE&剑网3缘起&逆水寒&风暴英雄&逆战&坦克世界&战舰世界&巫师之昆特牌&反恐精英Online&暗黑破坏神&梦三国2&传奇世界&方舟：生存进化&刀塔霸业&神武4电脑版&群雄逐鹿&堡垒之夜&无限法则&问道电脑版&西山居游戏&最终幻想14&战意&剑灵&星际战甲&龙之谷&铁甲雄兵&古剑奇谭网络版&轩辕传奇&神途&激战2&高达文化区&忍者村大战2&RPG网游专区&诛仙3&Artifact&斗鱼游戏&笑傲江湖OL&冒险岛2&无尽战区&生死狙击&斗战神&永恒之塔&竞速游戏&九阴真经&我的起源&FPS综合网游&劲舞团&天下&刀锋铁骑&火箭联盟&泡泡堂&武侠乂&音乐游戏&百变球球&游戏装机&新倩女幽魂&创世战车&天谕&征途2&QQ炫舞&泰亚史诗&大唐无双&枪火游侠&海战世界&秘境对决&兽人必须死&怪物猎人ol&火源&生存竞技&手工星球&艾兰岛&腾讯游戏&星战前夜：晨曦&热血传奇怀旧版&仙侠世界2&Anarea&枪火重生&彩虹岛&御龙在天&英魂之刃&自由篮球&洛奇英雄传&洛奇&封印者&奇奥英雄传&合金弹头&新英雄年代&星尘传说&盛趣游戏&九阴真经2&沙盒游戏&体育网游&我的世界：地下城&恐鬼症&领地人生&梦塔防&重生边缘&大话西游2&猎人&虎豹骑&传奇之梦&伏魔传&梦想世界3电脑版&海之乐章2&新风火之旅&鬼谷无双&猎龙战记&不败传说&天子剑&热血江湖online&血杀英雄&千年3&逍遥情缘&天空之城&快乐西游&诺亚传说&鹿鼎记&新桃花源记&疾风之刃电脑版&武魂2电脑版&奇迹世界sun&地城之光&新丝路&剑侠世界2电脑版&斩魂&大唐2&幻想神域电脑版&蜀山：初章&狼人对决网游&武林群侠传&飘流幻境&卡拉彼丘&破天一剑&剑雨江湖&四国军棋&命运方舟&新大话西游3&装甲战争&释厄英雄&隆冬&暴雪游戏综合&Battlebit&HypeSquad&长尾4部虚拟分区&幕后高手&燕云十六声&THE FINALS&不良土壤&篮球高手&NBA2K Online&塔瑞斯世界&再战Online&跑跑卡丁车：漂移&传奇永恒&ARC Raiders&传奇归来&权力的游戏 凛冬将至页游&异星前哨&The Front&欺骗公司&全境封锁2||主机游戏&刺客信条:英灵殿&马里奥制造&逃离塔科夫&命运2&墲人之境&Evil Dead&恐怖游戏&荒野大镖客&九劫曲&灵魂筹码&骑马与砍杀&只狼&饥荒&全境封锁&怀旧游戏&战地风云&隐形守护者&ATLAS&进击的巨人&NBA2K&八方旅人&血污：夜之仪式&人类一败涂地&挺进地牢&环世界&古墓丽影&波西亚时光&鬼泣&往日不再&仙剑奇侠传&神秘海域&塞尔达系列&僵尸世界大战&足球游戏&橙光&莎木&圣歌&了不起的修仙模拟器&女神异闻录&斯普拉遁&超级马里奥&三国志系列&星际公民&最终幻想&中土世界：战争之影&流放者柯南&行尸走肉&深海迷航&三国群英传&腐烂国度&无主之地&层层恐惧&圣女战旗&瘟疫传说：无罪&哆啦A梦：牧场物语&鬼哭邦&幽灵行动：断点&不屈者柯南&风之旅人&辐射&太吾绘卷&SCUM&正当防卫&以撒的结合&文明&仁王&缺氧&全面吃鸡模拟器&古剑奇谭&宝可梦：剑/盾&魔法破碎&JUMP大乱斗&皇牌空战&体育游戏&海岛大亨&NBA 2K 欢乐竞技场2&碧海黑帆&最后生还者2&装机模拟器&侏罗纪世界：进化&植物大战僵尸:花园战争系列&蜘蛛侠&战争机器5&战国无双&勇者斗恶龙：建造者2&遗迹：灰烬重生&血源&羞辱系列&星之卡比&侠客风云传&旺达与巨像&吞食孔明传&突变元年：伊甸园之路&死亡搁浅&双点医院&守墓人&忍者龙剑传&模拟人生&迷雾侦探&龙腾世纪&猎天使魔女&狂野星球之旅&空洞骑士&狙击精英&救赎之路&精灵宝可梦Let's Go!&驾驶俱乐部&极限竞速&极品飞车&胡闹厨房&河洛群侠传&归于沉寂&光之子&疯狂的麦克斯&地铁:离去&沉没之城&尘埃系列&超凡双生&飙酷车神&鬼泣5&孢子&暗黑地牢&Rime&生死狙击2&Inside&三国战纪&怀旧FC&讨鬼传&经典单机&奇异小队&英雄无敌&索尼克系列&暗黑血统&街机游戏&合金装备&红色警戒&星球大战系列&纪元：变异&镜之边缘&无双大蛇&海贼王系列&波斯王子&灵魂之火&Hob&祖先：人类史诗&勿忘我&寂静之人&海贼无双&黑道圣徒系列&鬼屋魔影：启蒙&我还活着&巨神狩猎&三合会之战&女巫&大将军：罗马&人类黎明&漫展模拟器&电竞传奇&爱丽丝：庇护&深渊狂猎&古惑狼三部曲&掠食&重装机兵XENO&暗夜长梦&火焰纹章系列&神鬼寓言&物质世界&星露谷物语&质量效应&沙石镇时光&英雄传说&刀剑神域&博德之门&通灵塔&火炬之光&噬血代码&恶灵附身&上古卷轴&战场女武神&无畏&命运之手&神舞幻想&消失的星球&赛博朋克2077&碧蓝幻想&中国式家长&勇者斗恶龙&幻想三国志&堕落之王&生化变种&精灵宝可梦系列&魔界战记&最后的守护者&尼尔：机械纪元&伊苏&迸发&审判之眼：死神的遗言&天国：拯救&地牢围攻&幻&克苏鲁的呼唤&奇异人生&黑暗影集：棉兰幽灵&蔚蓝&对马岛之魂&少数幸运儿&与狼同行&无人深空&乐高世界&超能队长&内心朋友&Deracine&风来之国&EVOTINCTION&看火人&F1系列&超级房车赛系列&壁中精灵&GT赛车7&赛车计划 系列&极速骑行&超级机器人大战&幽浮系列&信长之野望&超级食肉男孩&这是我的战争&太空战舰：战术行动&杀戮尖塔&冰汽时代&帝国时代&十字军之王&精英：危险&马克思佩恩&量子破碎&死亡空间&光明记忆&海贼王：寻秘世界&非常英雄&旁观者&凯瑟琳Full Body&噬神者&鬼武者重制版&叛乱：沙漠风暴&王国之心&除暴战警&幽林怪谈&任天堂明星大乱斗特别版&杀手&雷霆一击&狂怒&德军总部&Control&骷髅骑士&疯狂之月&耀西的手工世界&三位一体&ToolsUp！&新樱花大战&赏金奇兵&华沙&宅男的人间冒险&黑暗献祭&失落余烬&斩服少女：异布&精灵与萤火意志&2020东京奥运&世界汽车拉力锦标赛&十三机兵防卫圈&沙雕鹿模拟器&奇异世界：灵魂风暴&MUGEN&作业疯了&足球经理&战争附言&雨中冒险&亿万僵尸&疑案追声&一起玩农场&舞力全开&武装突袭&我的朋友佩德罗&时光之帽&王国与城堡&天空之山&逃脱者&石油大亨&生化奇兵&神界：原罪&荣耀战魂&全面战争模拟器&欧洲卡车模拟器&末日方舟&美国逃亡者&漫漫长夜&恐惧狼群&极限巅峰&永恒轮回&孤岛危机&孤岛惊魂&福尔摩斯&浮岛物语&都市：天际线&地球陨落&盗贼之海&餐瘾地城&raft&Dayz&60秒&俄罗斯钓鱼&黑暗逃生&猎人：荒野的召唤&失落城堡&恐怖黎明&传送门骑士&死亡细胞&茶杯头&地痞街区&漫威终极联盟&看门狗&真三国无双&纪元1800&耀西的毛线世界&节奏地牢&围攻&百战天虫&心灵杀手&战斗砖块剧场&泰拉瑞亚&斩妖行&未转变者&异星工厂&群星&求生意志OL&消逝的光芒&UFC&传送门&底特律:变人&恶魔城&方根书简&废品机械师&光环&归家异途&过山车之星&毁灭战士&火影忍者：究极忍者风暴&几何冲刺&监狱建筑师&军团要塞&坎巴拉太空计划&恋爱模拟器&料理模拟器&流浪汉模拟器&龙珠：超宇宙&马里奥赛车&模拟城市&模拟农场&模拟山羊&魔能&欧陆风云&奇妙探险队&乞丐模拟器&小偷模拟器&桌游模拟器&逆转裁判&俄罗斯方块99&史莱姆牧场&请出示证件&超越光速&传说之下&深岩银河&赛博朋克酒保行动&植物大战僵尸&城堡毁灭者&武装原型&游戏开发者&半条命&去月球&蝙蝠侠&Refunct&未上锁的房间&失忆症&艾迪芬奇的记忆&勇敢的心&影子战术:将军之刃&逃出生天&异界锁链&动物园之星&天外世界&最后的绿洲&VRChat&大富翁&路易鬼屋&马里奥和索尼克在东京奥运会&牧场物语&斩妖Raksasi&军团&反恐精英&扣押&英雄连&黑客网络&太阳帝国的原罪：反叛&星界边境&红色至日&杀戮空间&又一个僵尸塔防&点击英雄&王国：经典&表层指挥&进化&黑手党&节奏光剑&龙珠斗士Z&死亡岛&暴战机甲兵&魔方世界&勇气默示录&永劫无间&龙与地下城：黑暗联盟&破败王者&9-5&速度与激情&新世界&人类&解忧咖啡店&幻影异闻录&龙珠Z&初音未来：歌姬计划&嗜血边缘&圣剑传说&复仇者联盟&废土3&部落与弯刀&一拳超人：无名英雄&Raji：远古传奇&我的英雄学院：唯我正义&铁血战士：狩猎场&幽灵行者&地心深处&洛克人&侍道&森林&kenshi&哈迪斯&伤害世界&极乐迪斯科&一字不落&GTFO&非常普通的鹿&缉私警察&只只大冒险&音灵&寄居隅怪奇事件簿&一起开火车！&霓虹深渊&莫塔守山人&夜勤人&传说法师&矿坑之下&龙崖&主机其他游戏&无尽世界&城市帝国&微软飞行模拟&卡片猎人&要塞：十字军东征&不义联盟&天命奇御&地狱之刃&红色派系&战场兄弟&SUPERHOT&火影忍者博人传&铁路帝国&杰克盒子的派对游戏包&真人快打&海军行动&BeamNG赛车&绿色地狱&火柴人战斗&地铁：归来&撕裂&星球基地&尤卡莱莉大冒险&二战装甲战车&钢铁苍穹&破坏领主&洪潮之焰&细胞分裂&工作模拟器&乐高漫威超级英雄&岛&北境之地&油管主播的生活&进击！要塞！&地狱潜者&钓鱼星球&行会&乐高侏罗纪世界&攻城英雄&厕所穿越记&创造世界&地下城&地狱已满&房产达人&废土2&军团战争&狂热火车&罗马之子&爬行世界&叛变:沙漠风暴&人间地狱&贪婪地牢&王国：两位君主&王牌英雄&无冬之夜&吸血鬼:避世血族&远星物语&战术小队&战争行为&这是警察&终极定制夜&万智对决&月影之塔&机甲战魔&temtem&ECO&薄暮传说&堡垒：火焰之炼&宝箱点击&弹丸论破&渎神&翻滚石块&疯狂运输&荒岛求生&皇家美食&基佬大乱斗&家园&僵尸毁灭工程&晶体管&雷神之锤&零时代&美国陆军&迷雾生存&骑士与商人&桥梁建造者&深海&神话时代&神力科莎&神探杰克&泰坦之旅&逃离扎特沃&陷阵之志&悬崖帝国&野兽传奇&遗忘国度之闲置冠军&音乐战机&英雄萨姆&越野巨轮&赃物与巫术&脏弹&职业自行车队经理&撞车嘉年华&碧蓝航线&传颂之物&绝体绝命都市&食人鲨&腐化2029&僵尸部队&吉拉夫与安妮卡&赛马大亨&广播&钢铁危机&地狱时刻&胡闹搬家&方根胶片&小镇英雄&公主计划&妖精的尾巴&玛拉的夏天&少林九武猴&Skul英雄杀手&坦克维修模拟&绝望监牢&无尽宇宙&恐怖的世界&石质碎片&瑞秋福斯特自杀之谜&装甲军团&太空海盗和僵尸&女巫来了&超级兔子人&夜间城邦&手部模拟器&超级鸡马&健身环大冒险&汽车调试项目&不予播出&炼金工房系列&灾厄逆刃&人行道&星空精灵&宝石：霜之怒&骰子地下城&铁锤守卫:英雄传&魔域地牢&漫漫长路&卡片地下城&超时空方舟&在森林深处&超载地牢&爱丽丝与巨人&符文工房&妙连千军&猎人竞技场：传奇&高能小队&风暴岛&丸霸无双&超可靠快递&SKYHILL: 黑雾&逃出地牢&彼岸晴空&彼岸花&咬紧牙关&迷走深空：碎舰师&生死大乱斗&黑色空岛&钻头派对&疯狂世界&守夜人：长夜&组装车间&毁灭全人类&海绵宝宝:争霸比基尼海滩&云城朋克&炽热的帆:海盗之战&明天会有救援&游击队1941&逆行竞技场&崩解&北方之魂&腐败&岛屿生存者&残存之人&再编译&梦幻模拟战 I＆＆II&无间冥寺&先驱者&遵命，陛下&量子联盟&永生之境:吸血鬼战争&咒语破碎&V4跨界战&九霄缳神记&退休模拟器&安妮：最后的希望&末日地带：与世隔绝&世界游戏大全51&神奇101&疾速追杀Hex&广东之路&危险驾驶&少女地狱的毒公主&深海争霸&伊甸之路&凤凰点&盟军敢死队&浪人传说&地牢守护者&主机视频&传奇生物&冬日计划&几何竞技场&龙魂&灭火先锋&汽车交易模拟器&全面坦克模拟器&我来自江湖&亦春秋&异星探险家&异形：隔离&至暗之光&超级巴基球&侠隐阁&怒之铁拳4&魔法尖塔&美国卡车模拟&泰坦陨落&捣蛋大作战&觅长生&揍击派对&国王的恩赐&海底大猎杀&黑荆棘角斗场&紫塞秋风&浴血黑帮：傀儡师&恶果之地&轩辕剑柒&尸变纪元&瓦解&空穴山谷&防僵尸基地&堕落圣杯&觉醒&寻找埃文&致命游民复仇者&四海兄弟&末日求生&布莱尔女巫&北方城镇&创世理想乡&绝境北方&生存日记&山海旅人&恐龙化石猎人&超级动物大逃杀&完美的一天&梦幻引擎：游牧城市&不思议的皇冠&上行战场&幸福工厂&废品大亨&开拓者：正义之怒&武士零&冰与火之舞&恶魔之魂&地平线&PROJECT ATHIA&迷途猫&Returnal&麻布仔大冒险&小小大星球&柯娜：精神之桥&幽灵线：东京&JETT：遥远彼岸&众神陨落&Solar Ash&BUGSNAX&The Waylanders&生化危机4重制版&Pragmata&暴雨&怪物火车&雷曼&瑞奇与叮当&桥梁建造师&再见火山高校&宇航员的娱乐室&小恶魔附体&米德加德部落&宇宙机器人&死亡循环&海岛故事&欺诈之地&避风港&裂缝破坏者&INMOST&占领火星&永恒空间&Grounded&星际漫游者&水晶传说&士兵突击&无限空间&未知海岸&Griefhelm&直到尽头&钢铁收割&末日准备狂&要塞：军阀之战&逝者摆渡人&支柱&层层梦境&侠盗猎马人&最老的灵魂&Superliminal&滑板鸟&超猎都市&疯狂连杀&黑色之书&解放者&钢铁誓言&花园故事&遥不可及&恶魔之书&最后的法术&怪物舞会&黑色起源&信仰：邪恶三相&滑雪胜地大亨&荒野之地&展翅翱翔&弹出地牢&神笔狗良&变形记&螃蟹大战&梅林之手&30XX&Exo One&Omno&Röki&Undungeon&当过去就在眼前&地狱使者&火星地平线&马科超人&世纪之石&未绑定：世界分离&异宇星还&Foregone&泡泡糖忍战&Windbound&代号13&古惑狼4&火车模拟世界&火星求生&上古之环&为了国王&小小梦魇&伊森卡特的消失&糖豆人&The Cycle&螃蟹之王&和班尼特福迪一起攻克难关&实况力量棒球2020&托尼霍克职业滑板&巫火&赤痕：月之诅咒2&纸片马里奥&足球小将：新秀崛起&阿玛拉王国：惩罚&城堡风暴&盗贼遗产&渡神纪&迷雾之夏&成人脑力锻炼&热力纳斯卡&苏打地牢&星际拓荒&修道院：破碎瓷器&冒险之旅：十字军东征&冠军冲刺&赛道狂飙&工人物语&海商王&非一般职场&永进&侠道游歌&沉浮&行界：重构&不当英雄&一方灵田&模拟狩猎&Aeolis Tournament&英灵神殿&红怪&部落：原始建造者&迷雾征程&庄园主&动物派对&Olija&致命躯壳&终结降临&虚空列车&影子武士&Creaks&废墟的旗帜&节奏医生&终点咖啡馆&痞子英雄&风之王国&轻木模型飞行模拟器&为了人民&随动回旋镖&燃烧吧，蜘蛛&北极光&恐龙公园&星际反叛军&愤怒的面具&垃圾场模拟器&辐射谷物语&星际小队&暗影火炬城&影子工厂&中国城市建设者&死亡之夜&亡灵军团&神佑释放&阿尔比恩&洞窟探险&中世纪王朝&WWE 2K竞技场&四海旅人&怪兽远征&Uragun&二次灭绝&罪恶帝国&皮克敏&烈火战马&墨心&天穗之咲稻姬&空战猎鹰&快到碗里来&我的公司996&戴森球计划&烟火&鬼谷八荒&回门&Muse Dash&天神镇物语&无尽旅图&战魂铭人&ALTF4&极限竞速：地平线4&恐惧之间&DmC：鬼泣&超级马里奥：奥德赛&超级马里奥3D世界&恶灵附身2&疯狂游戏大亨2&孤岛惊魂6&怪物猎人&归家异途2&鬼泣2&鬼泣3&鬼泣4&黑神话：悟空&呼吸边缘&环形帝国2&求生之路&仁王2&忍者龙剑传：大师合集&三国群英传8&三国志14&杀手3&双人成行&逃生2&甜蜜之家&王国之心3&小小梦魇2&宇宙大拍扁&重生旅人&循环英雄&生化入侵&神界：原罪2&氰化欢乐秀-末日通行证&魔法气泡-特趣思2&漆弹大作战2&丧尸围城2&神秘海域4&要塞：群雄割据&星际乐土太空基地&不是地下城&邪恶天才2：统治世界&疯狂轮子&草图&洛夫洛特爵士&Scrapnaut&Everhood&遥远：导演剪辑版&最后的克劳迪亚&锋芒录&失乐园&血根&忘却的尤克特拉希尔&装甲战线&战斗周期&珊瑚岛&石器争霸&租房达人&路易吉洋楼3&寂静岭：暴雨&狙击手：幽灵战士契约2&全面战争&丧尸围城1&寂静岭2&巫魔人&农场经理&瓦塔姆&I Wanna Maker&尼尔：伪装者&异界之上&浣熊通缉犯&The Signifier&石碑&英科迪亚&无路之旅&夜深人静&破碎&斯盖尔之女&Taur&Obye me&走过至暗时刻&审判者&超级寄生虫&蒸汽地牢：禁闭&南瓜杰克&三教&112接线员&工匠镇&瑞利达&泡沫冬景&侍道外传：刀神&复体&曼岛TT赛事：边缘竞速2&战争机器：战术小队&侠之道&海绵宝宝：比奇堡的冒险&分离&奇妙探险队2&爱上火车&刺客信条：奥德赛&丧尸围城4&神秘海域2：纵横四海&神秘海域3：德雷克的诡计&星球大战：前线&终极神秘古域：混沌洞穴&尸变纪元2&Moonray&神田川Jet Girls&玩命关头：十字路口&灵魂旅人&古树旋律：重生&面容&车祸现场模拟器&破门而入2：北方特遣队&破门而入&俄罗斯方块效应：连接&过山车大亨3：完全版&模拟大爷&SD高达G世纪：起源&绿林侠盗：亡命之徒与传奇&东方计划：不可思议的幻想乡&地球黎明&劳拉GO&Fate/EXTELLA&临终：重生试炼&生生不息&虚拟现实乐园&夏日课堂&妖精剑士F&最终幻想世界&苍翼默示录：神观之梦&荒神&晚班&光环战争&子弹风暴&异域镇魂曲&生命线&暗黑迷途&没有人知道的大冒险&巡警&冥河：黑暗碎片&极限脱出：九人游戏&耻辱之日&菲丽丝工作室：不可思议之旅的炼金术&狙击精英4&三国志13：威力加强版&热血物语：地下世界&史诗战争模拟器&银河护卫队&讨鬼传2&上古卷轴：传奇&闪乱神乐：少女们的选择&幽灵行动：荒野&白色情人节&美国职业摔角联盟2K17&荒野八人组&无夜之国&誓死坚守&苏菲的炼金工房&喷射侠&隐藏的人&叙利亚战争&武器店物语&罪恶少女：诱惑&小三角大英雄&狂战传说&双截龙4&七：远去的日子&地下蚁国&九张羊皮纸&戎马丹心汉匈决战&咒语力量3&小兵大战&维京人 人中之狼&你好邻居&大神：绝景版&寻找天堂&画中世界&桥梁工程师传送门&现代战争&SCP：秘密实验室&纷争终结者&魔界村：重制版&绯红结系&罪恶装备：STRIVE&铁翼少女&涅克罗蒙达：赏金猎人&骑士精神2&辽阔旷野&脊柱&Rune Knights&最后的咒语&红至日2：幸存者&真女神转生3&堕落军团&边境&当火车鸣笛三秒&军团1944&速降王者&地球灭亡前60秒&工业崛起&征服的荣耀：围城&前往中世纪&Arid&环形帝国&伊始之地&二之国2：亡灵之国&二之国：白色圣灰的女王&进击的巨人2&航海日记2&枪血黑手党2&隐龙传：影踪&高等动物&魔域之书&诸神灰烬：救赎&精灵鼠传说&和平世界&自由人：游击战争&战国无双5&泰拉科技&宇宙主义&永恒终焉&死亡教堂&灵魂能力6&基因特工&不要喂食猴子&9—5&迷宫大侦探&古剑奇谭3&日落过载&幻影深渊&不可思议之梦蝶&迷城重生&史诗战斗幻想5&钢铁之鼠&剑士&GRIS&古剑奇谭：永夜&核爆RPG&永恒边缘&旁观者2&Below&彩虹坠入&嗜血印&荒无人烟&哥特舰队：阿玛达2&伊苏9&兽人必须死3&上古之魂&狙击精英VR&遗忘之城&大逆转裁判：编年史&Last Stop&解除绑定：世界分离&边界之外&异种&十字回镖&从军&二人世界&石炉&上帝之城：监狱帝国&狂热运输2&机甲战士5&再见狂野之心&DJMAX致敬&分手装修&PICO PARK&光明记忆：无限&死亡之门&神明在上&中世纪王国战争&澳洲国际网球2&白门&创世纪：阿尔法一号&秘馆疑踪&侠盗公司&英雄传说：创之轨迹&战地系列&塞尔达传说：天空之剑HD&国王的恩赐2&密闭之城2&尘埃异变&赞助者&他们在这里&旅行游记&玉言离光&夜书&脑航员2&异形：火力小队精英&12分钟&九十六号公路&FORECLOSED&重塑火星&你画我猜&RiMS Racing&地牢迷途&Soul Delivery&黑书&哀歌&故障朋克&喋血复仇&武林志2&破晓传说&雷能思之门&星位继承者&米德加尔的部落&城镇叠叠乐&恶魔反击战&山河伏妖录&终极拉扯&诈欺娇娃&蛛丝诡迹&听风者也&荒神2&战匠杜沃&血猎&死寂&人生重开模拟器&钢铁之尾&鬼灭之刃 火之神血风谭&漫威银河护卫队&剑侠图&审判之逝&帝国神话&实况救援大作战&蔚蓝色法则&蓝色反射：帝&艾尔登法环&黑相集：灰冥界&零~濡鸦之巫女~&美国式家长&互动派对&艾玛和泰迪熊：影子历险记&宝可梦：晶灿钻石/明亮珍珠&极限国度&邪恶冥刻&盒裂变&银河破裂者&部落幸存者&偶像大师：星耀季节&极限竞速：地平线5&翼星求生&时间加载器&成长物语：永恒树之歌&世纪：灰烬纪元&琉隐&塞伯利亚之谜：世界之前&酒馆带师&使命召唤系列&弃海：波弟大冒险&黑暗时代：背水一战&天命奇御二&光环：无限&卡牌之声：龙之岛&侏罗纪世界：进化2&蓝精灵：毒叶大作战&廖添丁：绝代凶贼之末日&莱恩的岛&笼中窥梦&那由多的轨迹：改&符文工厂4&雷霆一号&真三国无双8：帝国&英雄传说：零之轨迹 改&Propnight&垃圾水手&网吧模拟器&诡野西部&The Anacrusis&远征军：罗马&要战便战&宝可梦传说：阿尔宙斯&浩劫前夕&秘馆疑踪2&文字游戏&地平线 西之绝境&消逝的光芒2&无主之地3&战神：诸神黄昏&幽闭深渊&师父&恶月十三&昭和米国物语&小缇娜的奇幻之地&海上狼人杀&吸血鬼幸存者&侠乂行：浪迹天涯&巴比伦陨落&最终幻想：起源&HordeCore&乐高星球大战：天行者传奇&头等舱危机&星之卡比 探索发现&神州志：西游&瘟疫列车&FORSPOKEN&双子星：盛气凌人&风暴奇侠&Code B.R.E.A.K.&地心护核者&Indies’ Lies&霍格沃茨之遗&三伏&太荒初境&赏金游戏&奥丁：神叛&午夜猎魂&隐世神剑传&ABRISS&生死轮回&微光之镜&沙丘：香料战争&骑士陨落大冒险&塔猎手&铸时匠&特里贡：太空故事&卢默特：赤灵主宰编年史& 高尔夫大乱斗&暴走枪姬&孤山难越&维隆系统&宇宙汉堡王&Deck of Ashes&筑梦颂&开普勒斯&双点校园&潜行者2：切尔诺贝利之心&神都不良探&黄泉之路&春逝百年抄&哥谭骑士&星空&隐秘的角落&江湖客栈&蜡笔小新：我与博士的暑假&盐与献祭&吸血鬼：避世血族 绝唱&雪凤山&采石场惊魂&时空勇士&灵魂骇客2&火焰纹章无双：风花雪月&数码宝贝 绝境求生&神领编年史&2089：边境&夜莺&Ilysia&Project Q&哥布林弹球&蛇之守望者&Pummel Party&Holomento&合金重组&MIR4&我们永远在这里&创世灰烬&代号锦衣卫&碳酸危机&重装前哨&失心疯&女鬼桥：开魂路&地狱仆从&太阁立志传5 DX&Overprime&森林之子&星际海盗&生死抉择：血霾&杜蒙&雪居之地&千爵史诗&阿凡达：潘多拉边境&超逼真的攻城模拟器 &弈仙牌&Pwnk&夜族崛起&忍者神龟：施莱德的复仇&漫威SNAP&伏魔录&魔力宝贝&黎明前20分钟&弹幕互动玩法&逃离塔科夫：竞技场&木卫四协议&马里奥足球：战斗联盟&仙剑客栈2&罗马复兴&风暴之门&迷失&荒野的召唤：垂钓者&游戏王：大师决斗&修仙立志传&起飞吧！兔兔&咩咩启示录&记忆边境&冲就完事模拟器&足球，但大乱斗&幽灵观察者&SD高达：激斗同盟&房地产大亨&都广丹青录&伊格利亚战记&大江湖之苍龙与白鸟&尼罗河勇士2&暗邪西部&再刷一把&Dinkum&摔角城大乱斗&海岛之魂&Rooted&雅戈泰探险&同舟共济&PlateUp&萤火突击&弗兰基的复仇&天地归虚&冬日幸存者&沙丘：觉醒&无处不在&堕落之主&战国王朝&High on Life&匹诺曹的谎言&破月勇者&Park Beyond&逃生：试炼&战锤40K：暗潮&最远的边陲&萌宠大赢家 &钢铁崛起&Isonzo&蔑视&瘟疫传说：安魂曲&索尼克 未知边境&最后生还者 重制版&狂野泊车&友尽高尔夫&漂泊牧歌&刺客信条：代号JADE&红霞岛&塞尔达传说：王国之泪&霸剑霄云录&破碎线&卧龙：苍天陨落& 卡库远古封印&原子之心&霓虹入侵者&尘封大陆&Brotato&油尽航行&黄金魁犬&巴特拉：家在何方&餐车大亨&飞越13号房&时灵：星辰愚者&暴君的游戏&超能机器人&Warhaven&宝可梦：朱/紫&第一后裔&埃维尔村&奥雷萨之下&面具古墓&铳墓G.O.R.E.&黑相集：心中魔&Kingshunt&漫威暗夜之子&奇怪的RPG&百面千相&Evercore Heroes&东方：平野孤鸿&灵魂石幸存者&像素哥3&冰封之焰&神之天平&魔骑少女&伊克西翁&英勇无厌&万智牌：竞技场&主机一起看&兜仙&风帆纪元&社交互动游戏&矮人通天塔&轮回修仙路&海岸桃源：文明之种&咕喵怪物&Divine Knockout&无限暖暖&巫师系列&药剂工艺：炼金模拟器&四灵棋境&Dark and Darker&虚实万象&自杀小队：杀死正义联盟&江湖十一&方舟2&寂静村的孩子们&XDefiant&神奇躲避球&刺客信条：幻景&未尽行夜&天外武林&Warlander&盗日求生&Hi-Fi Rush&神笔谈兵&狂野之心&心渊梦境&Scars Above&寄梦远方&通神榜&中国式相亲2&Pacific Drive&恐怖录像带&白之旅&收获日3&浮生箓2：九九行歌&错误游戏&大航海时代：起源&法外枭雄：滚石城&莱莎的炼金工房&最终幻想16&街头霸王&ONI：鬼族武者立志传&Tchia&大侠立志传&零 ～月蚀的假面～&最后纪元&魔戒：咕噜&乌鸦之境&狼人嫌疑：神秘大厦&遇见造物主&铁拳8&网络奇兵&恐龙浩劫&护焰者&Prison Life 2&Innchanted&Lightyear Frontier&世界大战：西方战线&幻兽帕鲁&炸鸡派对&为了吾王2&Life by You&迷失之刃&迪士尼无限飞车&妖怪手表4强化之章&终极钓鱼模拟器&乱：失落之岛&战争之人2&深入后室&Eresys&德雷克的胜算&硬核机甲&巴别号漫游指南&叛军兴起&Pax Dei&钢铁指挥官&梦想屋：游戏&恐龙重生&摇滚之神&求生岛：不老泉传说&宠物旅馆&Teravit&坏兽联盟&荆棘：山丘之王||王者荣耀&LOL手游&和平精英&暗区突围&幻塔&火影忍者&COD手游&哈利波特：魔法觉醒&lol电竞经理&DNF手游&金铲铲之战&天刀手游&原神&航海王热血航线&万国觉醒&鸿图之下&欢乐麻将&王者模拟战&中国象棋&天谕手游&巅峰坦克&新游中心&热门手游&APEX手游&梦幻手游&QQ飞车&第五人格&欢乐斗地主&荒野乱斗&阴阳师&狼人杀&JJ斗地主&梦幻新诛仙&街霸对决&人类跌落梦境&机动都市阿尔法&一人之下&多多自走棋&崩坏3&风云岛行动&云游戏&跑跑手游&率土之滨&灌篮高手&皇室战争&王牌战士&战歌竞技场&忍者必须死3&神武4手游&梦幻模拟战&实况足球&剑与远征&航海王：燃烧意志&百闻牌&球球大作战&英雄杀&魔域口袋版&梦幻三维版&口袋新旅程&剑网3：指尖江湖&部落冲突&剑与家园&新笑傲江湖&猫和老鼠&猎人手游&明日之后&影之诗&决战平安京&决斗之城&魂斗罗归来&贪吃蛇大作战&圣斗士星矢&问道手游&魔力宝贝手游&最强NBA&旅行青蛙&热血街篮&手游推广&魔灵召唤&香肠派对&街头篮球手游&迷你世界&荒野行动&战双帕弥什&大话西游2口袋版&FIFA足球世界&街篮&一起来捉妖&明日方舟&自由幻想手游&火影忍者OL&一梦江湖&王牌战争：文明重启&完美世界手游&拳皇98OL&重装上阵&梦塔防手游&赛尔号&猎魂觉醒&仙境传说&流星群侠传&特色手游&逃跑吧少年&弹弹堂&石器时代&狂野飙车9：竞速传奇&RPG手游&天天酷跑&英魂之刃口袋版&拉结尔&倩女幽魂手游&决斗之城2&战争与文明&街球艺术&传奇手游&欢乐升级&雀魂&二次元手游&天龙八部online&征途2手游&万王之王3D&武林外传&我叫MT4&时空召唤&方舟手游&我的勇者&手机帝国&4399游戏&侍魂&潮人篮球&元气骑士&红警OL手游&狐妖小红娘手游&植物大战僵尸手游&战就战&俄罗斯方块环游记&二战风云2&食物语&龙之谷手游&塞尔之光&龙珠最强之战&虚荣&创造与魔法&境界-死神激斗&奇迹觉醒&光遇&游戏王：决斗链接&巅峰战舰&失落城堡手游&绝世战魂&雷霆游戏&寻仙&吾爱斗地主&天天象棋&王国纪元&非人学园&梦幻诛仙&召唤与合成&不思议迷宫&家庭教师&雪鹰领主&贪婪洞窟2&龙族幻想&奇葩战斗家&妖精的尾巴：魔导少年&剑网3指尖对弈&逆转回合&剑侠情缘2：剑歌行&异化之地&拳皇命运&三国杀移动版&罗布乐思&第二银河&足球手游&月圆之夜&蜀门&节奏大师&王牌战争&权力的游戏 凛冬将至&QQ炫舞手游&野蛮人大作战&全民枪战2&秦时明月世界&量子特攻&天龙八部&坦克大决战&花与剑&独立手游&青春篮球&终结者2审判日&一起优诺&神都夜行录&飞机大战2&阿瑞斯病毒&一起来飞车&麻将来了&风之大陆&金属对决&轩辕剑龙舞云山&微乐棋牌&辐射：避难所Online&遇见逆水寒&街篮2&战塔英雄&赛尔号手游&极光计划&不良人3&镇魔曲手游&绿茵之巅&音舞手游&激斗火柴人&堡垒前线：破坏与创造&传奇世界手游&魂武者&疯狂动物城：赛车嘉年华&猎手之王&武侠乂手游&英雄爱三国&永恒纪元&犬夜叉：奈落之战&孤岛先锋&传送门骑士手游&乱世王者&数码宝贝：相遇&仙剑4&光荣使命&长安幻世绘&篮球手游&元素地牢&帕斯卡契约&我是谜&闹闹天宫&原始守卫战&废土行动&鬼泣-巅峰之战&射击类手游&权力与纷争&轮回诀&海岛纪元&热血足球&命运歌姬&绿色征途&云梦四时歌&救赎之地&口袋对决&王牌御史&城堡抢翻天&银翼计划&光明大陆&项羽传&暗黑破坏神：不朽&鹿鼎记手游&妖神记&伊洛纳&银汉游戏&新神魔大陆&公主连结Re:Dive&三国志战略版&摩尔庄园&失落王冠&口袋觉醒&契约轮回&天地劫：幽城再临&阴阳师：妖怪屋&螺旋风暴&Disorder&妖怪名单之前世今生&黑潮之上&凹凸世界&云上城之歌&荣誉指挥官&天龙八部手游&战舰猎手&大秦帝国之帝国烽烟&五子棋&围棋&咔叽探险队&梦想新大陆&三国志幻想大陆：国创加强版&造梦无双&全球行动&放学别跑&两座城池&征服与霸业&新射雕群侠传&伊甸之战&诛仙手游&妄想山海&烽火之争&黎明觉醒：生机&星光创造营&梦幻花园&最强蜗牛&魔渊之刃&江南百景图&龙之谷2手游&不朽之旅&装甲前线&高能手办团&庆余年&我的侠客&曙光英雄&解神者&真三国无双霸&大话西游手游&血族&影之刃3&口袋进化&少年三国志：零&蘑菇战争2&开心消消乐&镖人&战争怒吼&战三国：八阵奇谋&幻书启世录&忘川风华录&新剑侠情缘手游&星耀对决&地城邂逅：记忆憧憬&旧日传说&小动物之星&超凡先锋&重生细胞&一念逍遥&像素危城&坦克世界闪击战&时空中的绘旅人&汉家江湖&约战：精灵再临&魂器学院&海岛奇兵&钢铁力量2&阴阳师：妖怪小班&浮生为卿歌&仙剑奇侠传九野&魔域手游&大唐无双手游&泰拉瑞亚手游&永不言弃&永不言弃2&牌乐门&永远的7日之都&坦克连&边境之旅&地铁跑酷&提灯与地下城&极无双&灵魂潮汐&坦克无敌&恶果之地手游&战舰世界闪击战&辐射：避难所&漫威：超级争霸战&耀光传奇&小森生活&艾彼&南瓜先生2九龙城寨&狂暴之翼&天使纪元&三十六计&西游女儿国&山海镜花&女神联盟2&少年西游记&少年三国志&少年三国志2&不可思议乐队&钢琴师&横扫千军&节奏大爆炸&喵斯快跑&去月球手游&深渊地平线&双子&说剑&小美斗地主&全明星激斗&全民奇迹2&原始传奇&地下城堡2：黑暗觉醒&进化之地&梦想世界3手游&有杀气童话2&辉煌传奇&蓝天传奇&铁血传奇&完美传奇&阳光传奇&浴血传奇&梓轩传奇&巨像骑士团&冒险与深渊&摸金校尉之九幽将军&螺旋圆舞曲&字母人&古今江湖&精灵之境&伊甸园的骄傲&镇魂街：武神躯&斗罗大陆：斗神再临&斗罗大陆：武魂觉醒&斗罗大陆2绝世唐门&英雄棋士团&骰子猎人&古代战争&梦幻家园&濡沫江湖&螺旋英雄谭&贪婪洞窟&匠木&冒险与挖矿&战神觉醒&九州仙剑传H5&荣耀大天使&暗黑大天使&古剑奇闻录H5&热血战歌&蓝月传奇&七战&神将屠龙&战龙归来&凡人修仙传挂机版H5&山河图志&谁是首富H5&武动苍穹&神魔传说&大城主&丛林猎人H5&攻城掠地&英雄这边请H5&大皇帝&我的帝国H5&盗墓笔记&朝歌封神录&人偶馆绮幻夜&长生劫&跨越星弧&拳魂觉醒&末日沙城&五行师&地下城堡&阿卡迪亚&剑与轮回&魔王与神锤&王牌高校&天天打波利&混沌起源&鬼语迷城&仙灵觉醒&大天使之剑&黄金裁决&谜方&战斗少女跑酷&宝可梦大探险&僵尸榨汁机&全战天下&数码宝贝：新世纪&嘻嘻棋牌&绝世仙王&一刀传世&斗罗大陆&一千克拉女王&破雪刃&坎公骑冠剑&刀剑乱舞ONLINE&JJ象棋&动物餐厅&天姬变&剑玲珑&奇迹之剑&王者修仙&御剑修仙&火线精英&小小突击队&造梦西游OL&皇帝成长计划2&热血神剑&领主战争&偶像请就位&魔力契约&我们的星球&比特大爆炸&胡桃日记&奥奇传说手游&云端问仙&三国志贾诩传&战斗吧龙魂&奇门之上&学园偶像季：群星闪耀&剑开仙门&晴明传&猫猫咖啡屋&花亦山心之月&恶魔秘境&月神的迷宫&光影链接&少女的王座&机甲爱丽丝&半盏复古行&星之彼端&此生无白&猫之宿约者&狼人对决&露西她所期望的一切&未来之役手游&最终幻想：勇气启示录 幻影战争&第八秩序&贝比岛&葫芦娃兄弟&复苏的魔女&王者射击&造梦西游4&造梦西游外传&战神遗迹&漫威超级战争&零号任务&小小村长&以太之光&豪杰成长计划&轩辕剑：剑之源&龙珠觉醒&同步音律&热血合击&比特小队&还有这种操作&逆水寒手游&流言侦探&战舰联盟&黑暗与光明&黑暗料理王&另一个伊甸：超越时空的猫&末剑&少女前线&野蛮时代&遇见&霓虹深渊：无限&绯红之境&如果一生只有三十岁&女神星球&想不想修真&阳春艺曲&胡莱三国3&灵魂宝戒&暴走英雄坛&奥拉星&诸神皇冠&姬斗无双&托拉姆物语&妙奇星球&不休的乌拉拉&先游云游戏&万象物语手游&机动战姬：聚变&聊斋搜灵录&球场风云&魔法洞穴2&绿茵信仰&星空时代&烟雨江湖&糖果缤纷乐&放置军团&千纹时空&网红奶茶店&远方的故事&白鸟游乐园&超脱力医院&我爱弹射&蜀山掌门&追妖记&球球联盟&誓灵&江湖悠悠&王牌竞速&文明与征服&聚爆&隐藏的家伙&神角技巧&碧蓝航线手游&爆炒江湖&300大作战&2047&机动战队大作战&活下去&四叶草剧场&宝可梦大集结&无极仙途&元素方尖&汉末霸业&EVE星战前夜：无烬星河&下一站江湖Ⅰ&光与夜之恋&弹力果冻&七雄纷争&放置江湖&火力苏打（T3）&植物大战僵尸2&魔神英雄传&球球英雄&刀剑神域黑衣剑士：王牌&苍之骑士团2&悠长假期&云裳羽衣&桃源记&四季物语&百分之一&无悔华夏&猫之城&墨斗&圣斗士星矢：正义传说&未定事件簿&雏蜂：深渊天使&ProjectGAIA&崩坏学园2&斗罗大陆：魂师对决&寻宝物语&映月城与电子姬&古墓丽影传说：迷踪&漫威对决&奶牛镇的小时光&放置与召唤&乱世曹操传&道友请留步&城堡传说大乱斗&一剑断念-像素仙侠&我是航海家&交叉次元&暮光起源&军团战棋英雄时代&天御乾坤&仙弈传说&代号：弥弥尔&索尼克在2020东京奥运会&繁荣美食市场物语&喵星人简史&姬魔恋战纪&食之契约&闪烁之光&牧羊人之心&老农种树&三国演义：吞噬无界&重建家园&合金机兵&群雄时代&苍蓝境界&斯特恩大陆&大明侠客令&通感纪元&航海奇闻&赛尔特大陆&不休战队&偶像梦幻祭2&卡卡保皇&灵猫传&荒野日记：孤岛&还有这种操作2&绝对演绎&剑侠世界3&召唤与合成2&攻城天下&上古王冠&纯白和弦&方舟之旅&异界事务所&萌宠大战僵尸&像素时代&仙侠第一放置&无尽的拉格朗日&弓箭手大作战&策马三国志&神行少女&挨饿荒野&武林英雄传&文明大爆炸&饥饿鲨：世界&造物梦工厂&诺亚之心&闪耀暖暖&无双萌将&战鼓英雄&超级精灵手表&青鸾繁华录&樱都学园&物种起源&剑之荣耀&刀剑乱舞-ONLINE-&人形觉醒&模拟城市：我是市长&九州三国志&重返帝国&太古仙尊&长安幻想&火炬之光：无限&策略军团&富豪闯三国&猫头鹰和灯塔&终结战场&绯石之心&魔天记&萌将风云&王者争雄&雷电傲气雄鹰&魔戒战争&捍卫星球&早安少女&不休江湖&拂晓&拂晓的拾荒团&江山：烽火连城&三国连环战&放开那三国3&古镜记&古剑奇谭木语人&料理次元&苍蓝誓约&火影忍者：忍者新世代&战火与荣耀&末日远征&战棋三国2&滚动的天空&战场英雄物语&新斗罗大陆&一起来飞车2&登山赛车&小小航海士外传&征程三国&我一点都不可口&荒野乱斗（腾讯版）&小小勇者&萌侠挂机&小冰冰传奇&三国战纪2手游&艾丽莎的国度&我的战舰&最终王冠&我是大东家&幸存者危城&我欲封天山海战&盛唐烟雨&余烬风暴&猫旅馆物语&暗魔领主&冒险公社手游&欧陆战争5：帝国&古荒遗迹&纪念碑谷2&大航海探险物语&末日来袭&我在7年后等着你&航海日记&一拳超人：最强之男&王国保卫战4&半世界之旅&妖怪手帐&迷失立方&奥特曼宇宙英雄&新三国杀&奶块&策魂三国&奥特曼系列OL&欢喜斗地主&洪荒文明&决战羽毛球&街头足球&浅塘&同人圣三国蜀汉传&心灵战争&零之战线&冒险王3OL&超级幻影猫2&无尽寒冬&末剑二&河图寻仙记&王的骑士&火影忍者：巅峰对决&元气骑士新作&冒险王2&梦间集&塔防之光&极略三国&我做夫人那些年&小小五千年&牌武者&牌师&被尘封的故事&火柴人联盟2&荒野日记&三国志吕布传&萝莉养成计划&非常普通的鹿手游&战箭天下&实况球会经理&全职猎手&超级改造家&斗斗堂&代号MA&DEEMO（古树旋律）&创意蛋糕店&时空猎人&美美小店&狗狗呼叫喵星&三国终极觉醒&策马守天关&骑士纷争&星际逆战&钓鱼大对决&沧月战纪&羽毛球高高手&了凡录&掌门太忙&LoveLive! 学园偶像祭&隐世录&黑色沙漠手游&魔力宝贝：旅人&玄中记&大家饿餐厅&修真江湖&出发吧冒险家&一拳超人正义执行&画境长恨歌&小花仙&盾之勇者成名录：浪潮&领主传奇&幻兽爱合成&魔力宝贝归来&完美世界：诸神之战&荣耀新三国&终末阵线：伊诺贝塔&巅峰极速&蛋仔派对&新盗墓笔记&轩辕传奇手游&萤火突击国际服&冰原守卫者&冒险小分队&崩坏：星穹铁道&无序次元&卧龙吟2&爆裂魔女&地下城堡3：魂之诗&乱世逐鹿&武林闲侠&淘米游戏&伊甸启示录&黑暗与光明手游&关于我转生变成史莱姆这档事&异能都市&叫我大掌柜&暖雪&玛娜希斯回响&永劫无间手游&无期迷途&逆光潜入&深空之眼&幻想神话志&CF手游&新天龙八部手游&无神之界&时空猎人3&保卫萝卜4&尘白禁区&明日方舟：终末地&龙之国物语&传奇天下&末日家园R计划&最佳球会&原始征途&奥特曼：集结&进化之地2&魂&全民大灌篮&航海王：梦想指针&枪火重生手游&派对之星&火影三国志&网易其它组&萌宠大侦探之迷雾岛&三国战纪手游&染·钟楼谜团&绝区零&魔兽弧光大作战&全民泡泡超人&重返CODM&综合手游&IP游戏&部落与弯刀手游&鸣潮&棋牌游戏&逗斗火柴人&战争公约&奥比岛：梦想国度&九灵神域&龙之谷世界&TapTap新游&永恒轮回：无限&劲舞团手游&神陵武装&黎明之海&环形战争&伊瑟·重启日&浮岛冒险Forager&队长小翼：王牌对决&铃兰之剑&出发吧麦芬&野蛮人大作战2&晶核&大野逐龙&星火编辑器&竹马胭脂铺&全面憨憨战争模拟器&最佳11人-冠军球会&空之要塞：启航&极无双2&鲤 重制版&我叫MT：归来&冰汽时代手游&射雕&王者万象棋&代号破晓&赛尔计划&羊了个羊&列王之剑&小小蚁国&跃迁旅人&SLG综合&战火与永恒&代号：伙伴&天使之战&海岛连萌&全明星街球派对&合金弹头：觉醒&弹弹堂大冒险&三国诛将录&劲乐幻想&白荆回廊&战地无疆&三国志战棋版&一拳超人：世界&鹅鸭杀手游&忍者龟：归来&太空行动&天龙八部2：飞龙战天&王者传奇&女神异闻录：夜幕魅影&彼界&墨武侠&代号：UH&动物王者||二次元&一起看&颜值（横屏）&音乐&户外&美食&原创IP&心动派对&音遇恋人&舞蹈&趣生活&心动FM&娱乐推荐&校园&营收内用&武汉纺织大学&武汉体育学院&湖北大学&华中农业大学&上海财经大学&华中师范大学&武汉工程大学&湖北经济学院&武昌理工学院&汉口学院&武汉软件工程职业学院&湖北美术学院&武汉生物工程学院&武昌首义学院&武汉铁路职业技术学院&江汉大学&武汉大学&华中科技大学&河北经贸大学&北京体育大学&北京城市学院&中南民族大学&西安电子科技大学&东北大学&大连海事大学&中国地质大学（武汉）&华东交通大学&西南交通大学&南京大学&上海大学&长沙理工大学&湖南交通职业技术学院&文华学院&成龙影视传媒学院&荆门职业学院&桂林电子科技大学&青岛农业大学&郑州科技学院&南华大学&河北科技大学&山东工艺美术学院&北京航空航天大学&广西理工职业技术学院&北京服装学院&湖北工业大学&新疆科技学院&新疆师范大学&新疆天山职业技术大学&新疆农业大学&昌吉学院&新疆工程学院&新疆理工学院&石河子大学&新疆交通职业技术学院&新疆体育职业技术学院&新疆财经大学&新疆医科大学&新疆大学&河南大学&齐鲁工业大学&青岛科技大学&黄河水利职业技术学院&河南开封科技传媒学院&安徽工程大学&青岛大学&山东交通学院&湖南工程学院&山西工程技术学院&西安文理学院&广东工业大学&华侨大学&湖北工业大学工程技术学院&浙江树人大学&兵团新兴职业技术学院&四川传媒学院&武汉工程大学邮电与信息工程学院&重庆邮电大学&云南大学&四川电影电视学院&重庆理工大学&重庆移通学院&四川天府新区信息职业学院&宁波大学&江西财经大学&四川音乐学院&无锡城市职业技术学院&超管推荐||颜值||文化&企鹅直播&数码科技&社会人文&汽车&科普&纪录片&斗鱼购物&成年教育||派对&心动FM.&一起玩&开黑车队&点唱&CP聊天&交友||语音交友&音乐之声&连麦互动&娱乐开黑||星星点灯&正能量||赛车竞技||京斗云",
    "筛选子分类替换词": "LOL&rmyx&CF&SuperPeople&CFHD&COD&DNF&DOTA2&How&CSGO&VALORANT&ydzhy&mszb&wowclassic&dota2rpg&cq&Popkart&wyyx&SC&FTG&Overwatch&DOTA&WOW&JX3&EudemonsOnline&MC&cjdmj&mxd&sanguosha&MHXYOL&tianya&jtlq&NBA2KOL2&qqfcdy&AVA&jsyx&qipai&FOL4&rmwy&zxsj&qgflpc&APEX&PathofExile&JW3YQ&nsh&HOTS&NZ&TKSJ&wfws&wszktp&CS&DIABLO&msg2&cqsj&fzscjh&DotaUnderlords&swdnb&qxzl&blzy&roe&wddnb&Seasun&FF14&WYZY&BladeSoul&Warframe&DragonNest&tjxb&gjqtwlb&XYCQ&shentu&GuildWars2&gdyxq&rzcdz2&rpgwyzq&zhuxian3&Artifact&DYYX&xajhol&MXD2&WJZQ&BattleTeams&dzs&AION&jingsu&JYZJ&wdqy&FPSOL&jwt&tianxai&dftq&hjlm&ppt&wxy&MG&BBQQ&youxizhuangji&ONLINE&cszc&tianyu&zhengtu2&qqxw&tyss&dtws&qhyx&hzsj&mjdj&srbxs&MHol&hy&scjj&sgxq&ald&TencentGame&EVE&rxcqhjsgb&xxsj2&Anarea&qhcs&CHD&YLZT&YHZR&ZYLQ&LQYXZ&LQ&FYZ&QAYXZ&HJDT&XYXSD&XCCS&SQYX&JYZJ2&SHYX&TYWY&MD&KGZ&LDRS&TDOTK&CSBYOL&dhxy2&lr&hbq&cqzm&fmz&mxsjpc3&hzyz2&xfhzl&ggws&llzj&bbcs&tianzijian&rxjhol&xsxy&qn3&xyqy&tkzc&klxy&nycs&ldj&xthyj&jfzr1&wh2pc&qjsjsun&dczg&xsl1&jxsj2pc&zhpc&dt2pc&hxsypc&ssczpc&lrdjpc&wlqxzpc&plhjpc&klbq&ptyj&jyjh&sgjq&LostArk&xy3&zjzz&SEYX&longvinter&g_bliz&BBR&HypeSquad&cw4bxnfq&VEILEDEXPERTS&WHEREWINDSMEET&THEFINALS&Dysterra&lqgs&NBA2KOL&Tarisland&zzonline&KartRiderDrift&EternalLegend&ARCR&TheReturnofLegend&GOTPC&AlienMarauder&TheFront&DeceiveInc&TheDivision2||TVgame&AC&Mario&EFT&MY2&wu&EvilDead&Horror&hydbk&jjq&lhcm&MountAndBlade&ZL&DontStarve&qjfs&classic&BF&yxshz&ATLAS&AoT&NBA2K&OT&Blood&Human&Enter&RimWorld&gmly&bxysg&DMC&WRBZ&PAL&Uncharted&TLoZ&WWZ&zq&cg&Shenmue&sg&ACS&P5&Splatoon&SMO&Sangokushi&StarCitizen&FF&MiddleEarth&Conan&TWD&Subnautica&SANGO&SoD2&Bor&LoF&Banner&Innocence&Doraemon&GKB&Ghost&bqzkn&Journey&fs&twhj&Scum&zdfw&Isaac&CVI&NIOH&ONI&TAB&GuJian3&PSS&SpellBreak&JUMPDLD&hpkz&tyyx&hddh&nba2khljjc2&klhdt&TLOU2&PCBS&JWE&PvsZ&Spide&Gears&ZGWS&DQB2&Rem&BB&Dish&Kirby&ToW&SotC&ETwK&MYZ&DS&TPH&GK&NG&Sims&TotNS&DA&Bayonetta&JttSP&HKS&SE&SSfR&PLsGo&DriveClub&jxjs&jpfc&Overcooked&TBoD&FtS&COL&MadMax&ME&TSC&DiRT&BTS&Crew&DevilMayCry5&Spore&DD&Rime&ssjjtwo&Inside&sgzj&edwcy&Toukiden&jddj&StrangeBrigade&HoMM&Sonic&Darksiders&jjyx&MetalGear&hsjj&StarWars&ANNO&MsE&WO&OnePiece&PfP&lhzh&Hob&Ancestors&Remw&QuietMan&OPPW&SR&AitD&Alive&PftG&TW&Noita&Rome&DawnMan&ConSim&ESL&Alice&LxL&CBNST&Prey&MMX&Int&FireEmblem&Fable&Outward&Stardew&Effect&SSZSG&Heroes&SAO&BG&Ziggurat&Torchlight&CodeVein&TheEvilWithin&TES&VC&Dauntless&HoF&FoD&LostSphear&Cyberpunk&GF&CP&DQ&HXSGZ&LotF&Biomutant&Pokemon&Disgaea&TLG&NieR&Ys&Surge&JE&KingdomCome&DS3&Phantom&CoC&LiS&TDP&Celeste&GoT&WHF&TWAU&NMS&LEGOW&CapSp&TIF&Deracine&Eastward&EVOTINCTION&Firewatch&F1&RD&Genie&GT&PC&Ride&SRW&XCOM2&KOEINOBU&SuperMeatBoy&TWoM&SHT&sljt&Frostpunk&AoEIV&CKII&ED&MP&QB&swkj&Bright&OPWS&UH&Beholder&CFB&GE3&Onimusha&Insurgency&KH&Crackdown3&BladedFury&SSBS&Hitman&Mordhau&Rage&Wf&Control&Med&Moons&YCW&Trine&ToolsUp&Sakura&Desp&WARSAW&Otaku&Dark&Ember&KLK&Ori&2020Olympic&WRC&Aegis&DEEEER&Soulstorm&mugen&HomeWork&Football&Post&RoR&Billions&Unheard&Farm&JustDance&ArmA&Pedro&AHT&Kingdoms&Skyhill&Escapists&Oil&BioShock&Divinity&Honor&TABS&Truck&Delivery&Fugitive&mmcy&Wolves&STEEP&Survival&Crysis&FarCry&Holmes&Forager&Skylines&Earth&hdzh&Dungeon&raft&DayZ&60S&RF&DECEIT&theHunter&LC&GD&PK&DC&Cuphead&SoR&MUA&kmg&DW&Anno1800&Yww&CotN&Besiege&Worms&AlanWake&BT&Terraria&EE&Unturned&Factorio&Stellaris&WTLOL&DL&UFC&Portal&Detroit&Castlevania&RL&SpM&Halo&HB&gsczx&Doom&Naruto&JHCC&PA&TF&Kerbal&LoveSim&CookingSim&BumSim&DBX&MarioKart&SimCity&SimFarm&GoatSim&Magicka&EU&TCE&HoboToughLife&ThiefSimulator&TabletopSimulator&AceA&T99&slmmc&QCSZJ&FTL&Undertale&DRGD&CBA&PvZ&CC&BroForce&GGM&HL&Moon&Batman&Refunct&Room&Amnesia&Edith&VH&Shadow&AWO&YJSL&PlanetZoo&TWSJ&LO&VRChat&RichMan&LM&MST&SOSRIMT&Raksasi&Leg&fkjy&DISTRAINT&yxl&Hacknet&SOASER&Starbound&TRS&KF2&YAZD&CH&Kingdom&BCZH&ES2&Mafia&BS&DFZ&swn&BAT&CW&BD2&NB&DDDA&RK&NTF&FFC&NW&HUMANKIND&CT&IR&DBZ&MIKU&BE&THS&MA&Wasteland&BLYWD&OPM&Raji&HERO&PH&Ghostrunner&DRG&mega&Samurai&Forest&kenshi&Hades&Hurtworld&JLDSK&YZBL&GTFO&fcptdl&jsjc&biped&INVAXION&jjygqsjb&Unrailed&NA&Morta&Moonlighter&Wizard&UnderMine&longya&OG&WJSJ&UE&MFS&CPLR&SHC&BYLM&TMQY&DYZR&RFG&ZCXD&CJR&NTB&TLDG&TJPP&MKKE&HJXD&BNG&GH&SF&METRO&REND&PB&YL&WWPC&ISI&WLOM&TFINF&TCSCB&JS&LMSH&TISLE&BJZD&ygzbdsh&JJYS&DYQZ&CDXQ&hh3&lgzljsj&gcyx&cscyj&czsj&dxc&DYYM&FCDR&ftxl&jtzz&krhc&lmzz&pxsj&FBSM&RJDY&tldl&wglwjz&WPYX&WDZY&xxgbsxz&yxwy&Squad&zzxw&zjsjc&ZJDZY&WZDJ&LUNA&DXM&temtem&ECO&bmcs&FWF&RG&dwlp&dushen&FGSK&FKYS&hdqs&HJMS&jldld&JY&jshmgc&JTG&QL&GZ&mgljsyc&mwsc&KM&qljzz&Depth&SHSD&SLKS&stjk&TTZL&AZ&XZZZ&xydg&YSCQ&YWGD&AUDIOS&SSHD&YYJL&SAS&DirtyBomb&zyzxcdjl&zcjnh&AL&CSZW&ZZT&SRS&Corr&Zom4&GAA&WP&OnAir&GTWJ&Hellpoint&MO&FGJP&LTH&BP&FT&Mara&9M&Skul&TMS&JWJL&Neov&WOH&SP&RQFST&ZJJT&SPAZ&Witch&Bunny&Rat&HS&UCH&RFA&CARP&NFB&LJGF&ZE&TP&AST&GCFW&SZDXC&TCSW&MYDL&ALWD&CMD&CA&DITF&CZDL&LATG&FWGF&MLQJ&HAL&GNXD&IoD&Wanba&TRDS&SKYHILLHW&EtG&PAQK&Oth&YJYG&MZSK&BeatMe&HSKN&DMR&Psy&VTLN&ZZCJ&DAH&hmbb&Cl&BSPBR&HWCT&Par&Ret&Dis&North&CarFb&Sur&TWR&Rec&MH&CotDG&Outriders&YYG&LZLM&IRVW&Spe&V4&JXHSJ&TX&ANNIE&Endzone&CHG51&TW101&JSZS&RTGD&WXJS&DGZ&ST&Eden&XKD&COMM&TOR&DLSHZ&zjsp&cqsw&drjh&GA&longhun&Embr&CTS&TTS&WLZJH&YCQ&Astroneer&yxgl&zazg&SBT&XYG&nztq&mfjt&ATS&Titanfall&dddzz&MCS&zjpd&KB2&FAGF&BA&zsqf&PBM&egzd&XYS&DA2&Di&DH&Zhelter&TG&Waking&Evan&Danger&shxd&STA&Blair&bfcz&Craftopia&BN&SJ&TR&DFH&SAR&APD&DENC&bsydhg&TA&xfgc&FPDH&KTZ&WSL&FAI&DSR&Horizon&Path&Stray&Returnal&SABA&LBP&Kena&GTO&JETT&GodFall&Ash&BUGSNAX&Way&ResidentEvil&Prag&BY&GWHC&Rayman&RCL&PB2&GVH&ASP&LDI&TOF&ABRM&SWXH&TIS&Grift&Haven&THERIF&INMOST&OMTG&EVERSPACE&Grounded&Starmancer&Cris&Soldat2&ASFTU&Shores&Griefhelm&UTE&IH&MRP&Stronghold&Spiritfarer&Backbone&Dreamscaper&Rustler&Eldest&Superliminal&SkateBIRD&clds&ULTRAKILL&BlackBook&Liberated&TIO&GardenStory&OORTR&HELLCARD&TLS&MPMC&Genesis&FAITH&SSRT&WTNL&WINGSPAN&Popup&Chicory&Metamorphosis&FightCrab&THOM&30XX&ExoOne&Omno&Roki&Undungeon&WTPWA&Hellbound&MarsH&Mako&ROAMB&UWA&EFAS&Foregone&Ninjala&Wind&Sub&ghl&TSW&Smars&ER&FTK&XXMM&TVOEC&FallGuys&Cycle&KOF&GOIWBF&EBPPY&THPS&wuhuo&BROTN&PMTOK&CTRONC&KOARER&Cas&TVV&Gods&mwzx&NLDL&NH&Soda&xjth&RBP&pqtc&GJCJ&SDKB&GRWY&Port&FYBZC&EF&SOW&chenfu&WENT&RH&IL&Hunting&Aeolis&Valheim&CARRION&Tribe&Blight&Manor&Animals&Olija&Shell&TRUE&Voidtrain&ShadowW&Creaks&Banners&Rhythm&Necro&RHROT&Windy&Balsa&FTP&Fu&KIWF&NL&Park&xjfpj&MOF&ljcmnq&Atomi&xjxd&FIST&IF&CCC&NOTD&wljt&BU&Albion&Spel&zsjwc&WWE2Kjjc&AFATE&Monst&Uragun&SEEX&Sin&pikmin&LHZZ&MOXIN&Sakuna&Falconeer&NBUP&WDGS&DSP&Firework&GGBH&WBH&MuseDash&tszwy&Carto&ZHMR&ALTF4&FH4&Fearsurrounds&DmCDevilMayCry&SuperMarioOdyssey&SuperMario3DWorld&TheEvilWithin2&MadGamesTycoon2&FarCry6&MonsterHunterRise&HomeBehind2&DevilMayCry2&DevilMayCry3&DevilMayCry4&BlackMythWuKong&Breathedge&CIRCLEEMPIRES&Left4Dead&Nioh2&NINJAGAIDEN&TheThreeKingdoms8&THREEKINGDOMSXIV&Hitman3&ittakestwo&Outlast2&HomeSweetHome&KingdomHeartsIII&LittleNightmares2&BigBia&Revita&LoopHero&Biochemical&DivinityOS2&CyanideHappiness&PuyoPuyoletris2&splatoon2&DeadRising2&Uncharted4&StrongholdWarlords&SpacebaseStartopia&DungeonNoDungeon&EvilGenius2&CrazyWheels&MAQUETTE&SirLovelot&Scrapnaut&Everhood&Faraway&LastCloudia&Fengmanglu&ParadiseLost&Bloodroots&ExplorerYggdrasil&Armoredfront&Combatcycle&CoralIsland&STONEARENA&TheTenants&LuigisMansion3&SilentHillDownpour&SniperContracts2&TotalWarWARHAMMER&DeadRising1&SilentHill2&TheSlormancer&FarmManager&Wattam&IWannaMaker&NieRReplicant&NigateTale&WantedRacoon&TheSignifier&Stela&ENCODYA&ThePathless&AtDeadOfNight&TheShattering&MaidofSker&Taur&Obyeme&ThroughDarkest&ADJUDICATOR&HyperParasite&VaporumLockdown&PumpkinJack&The3rdBuilding&112Operator&Tinkertown&Relicta&ChristmasTina&KATANAKAMI&TheComplex&TTIsleofMan2&GearsTactics&PathOfWuxia&BattleforBikini&Disintegration&CuriousExpedition2&LastRun&Odyssey&DeadRising4&AmongThieves&DrakesDeception&Battlefront&UltimateADOM&DeadAge2&Moonray&Kandagawa&FASTFURIOUS&SpiritFarerlhlr&DEEMOReborn&Visage&Accident&DoorKickers2&DoorKickers&TetrisEffect&RollerCoaster3&JustDieAlready&SDGundamG&Hood&TouHou&EarthsDawn&LaraCroftGO&FateEXTELLA&DYINGReborn&LifeGoesOn&VRWorlds&SummerLesson&FairyFencerF&WorldofFF&CentralFiction&Aragami&LateShift&HaloWars&Bulletstorm&Planescape&Lifeline&2Dark&AnotherAdventure&BeatCop&Styx&ZeroEscape&DayofInfamy&AtelierFiris&SniperElite4&Sangokushi13&RiverCityRansom&BattleSimulator&Guardians&Toukiden2&ScrollsLegends&SenranKagura&GhostReconWildland&WhiteDay&WWE2K&TheWildEight&NightsofAzure&UntilWeDie&AtelierSophie&Splasher&HiddenFolks&SyrianWarfare&WeaponShopFantasy&CriminalGirls&LittleTriangle&TalesofBerseria&DoubleDragon4&TheDaysLongGone&Undergrowth&NineParchments&GloriaSinica&Spellforce3&Warpips&VikingsWofM&Helloneighbor&okamihd&findparadise&Gorogoa&bridgecons&ModernCombat&scpsl&Troubleshooter&GhostnGoblins&SCARLETNEXUS&GuiltyGear&WingDarkness&NHiredGun&Chivalry2&OpenCountry&BackBonejz&RuneKnights&TheLastSpell&TheRed2&ShinMegami3&RisetoGlory&Boundary&trainthree&BATTALION1944&Descenders&Meteor60&RiseIndustry&SIEGE&GoMedieval&Arid&CircleEmpiresH&TerraNil&NinoKuniII&NinoKuni&AttackonTitan2&hhrj2&GunsGore2&HiddenDragon&Higheranimals&Bookofdevil&AshofGods&GhostTale&riseofagonroa&Freeman&SWarriors5&TerraTech&TheUniversim&ResonanceofFate&DeathCathedral&SoulCalibur6&G2Fighter&NotFeedMonkeys&NinetoFive&LabyrinthCity&GuJianqitan3&SunsetOverdrive&PhantomAbyss&IncredibleMandy&RebornCity&BattleFantasy5&SteelRats&KenshiJS&GRIS&gujianyongye&ATOMRPG&EdgeEternity&Beholder2&Below&IrisFall&BloodySpell&DESOLATE&Battlefleet2&Ys9&OrcsDie3&EldestSouls&SniperEliteVR&ForgotCity&TheGreatAce&LastStop&UnboundWorlds&OutofLine&Quarantine&BoomerangX&jointhearmy&WorldforTwo&Stonehearth&CityofGod&TransportFever2&MechWarrior5&SayonaraWild&DJMAXRESPECT&ToolUP&PICOPARK&Brightmemory&DeathsDoor&godsabove&MedievalWars&AOTennis2&TheWhiteDoor&AlphaOne&HeavenDust&RogueCompany&HajimariNOKiseki&Battlefiel&SkywardSword&KingsBounty2&AirtightCity2&GRIME&Patron&Theyarehere&BookofTravels&TALEOFJADE&NightBook&Psychonauts2&FireteamElite&TwelveMinutes&Road96&FORECLOSED&ReshapingMars&DrawGuess&RiMSRacing&NeverReturn&SoulDelivery&theblackbook&Lamentum&Glitchpunk&Back4Blood&Wushu2&TalesofArise&LEMNISGATE&AstriaAscending&TribesofMidgard&Townscaper&Demoncounterattack&ShanHeFuYaoLu&FlingtotheFinish&TheBigconline&Keyword&Listentothewind&Aragami2&Dwerve&Bloodhunt&DeathlyStillness&LifeRestart&TailsofIron&KimtesunoYaiba&GuardiansGalaxy&JianXiaTu&Lostjudgment&mythofempires&RescueParty&BlueProtocol&BLUEREFLECTION&ELDENRING&DARKPICTURESHOUSE&MaidenofBlackWater&GROWINGUP&INTERACTIVEPARTY&TANDEMATALEOFSHADO&BrilliantDiamond&RidersRepublic&Inscryption&BreakingBox&TheRiftbreaker&SettlementSurvival&IdolmasterStarlit&ForzaHorizon5&IICARUS&TimeLoader&GrowSongofEvertree&CenturyAgeofAshes&LiuYin&SyberiaWorldBefore&TavernMaster&CALLOFDUTYCOD&ProntyFishyAdventu&AgeofDarknessFinal&FateSeekerII&HaloInfinite&VoiceOfCards&JurassicWorld&SmurfsMission&LegendofTianding&LensIsland&Moncage&TheLegendofNayutaB&RuneFactory4&ThunderTierOne&ShinSangokumusou8E&TheLegendofHeroesZ&Propnight&TrashSailors&InternetCS&WeirdWest&TheAnacrusis&ExpeditionsRome&DiplomacyNotOption&PokemonArceus&TheDayBefore&HeavenDust2&WordGame&ForbiddenWest&DyingLight2&Borderlands3&GodofWarRagnarok&HiddenDeep&SIFU&Undecember&SHOWAAMERICANSTORY&TinyTina&DreadHunger&VampireSurvivors&XIAYIXING&BabylonFall&STRANGEROFPARADISE&HordeCore&LEGOStarWars&FirstClassTrouble&TheForgottenLand&DivinityChronicles&PandemicTrain&FORSPOKEN&YoungSouls&TheCycleFrontier&CodeBREAK&CoreKeeper&IndiesLies&HogwartsLegacy&SANFU&TalesofWild&BountyGame&ODINValhallaRising&MidnightGhostHunt&Shenjianzhuan&ABRISS&Loopmancer&GlimmerinMirror&DuneSpiceWars&Knightfall&IceSitruuna&Clocker&TrigonSpaceStory&Lumote&GolfGang&WildcatGunMachine&Insurmountable&VELONE&GodlikeBurger&DeckofAshes&Dorfromantik&Keplerth&TwoPointCampus&HeartofChernobyl&ShenDuBuLiangTan&TrektoYomi&TheCentennialCase&GothamKnights&Starfield&YinMiDeJiaoLuo&TheJianghu&CrayonXiaoxin&SaltandSacrifice&Vampire&SecretOpera&TheQuarry&LIVEALIVE&soulhackers2&FireEmblemWarriors&DigimonSurvive&DioFieldChronicle&2089borderscape&Nightingale&Ilysia&ProjectQ&Peglin&TheSerpentRogue&PummelParty&Holomento&MetalMind&MIR4&WeWereHereF&AshesofCreation&dhjjw&sodacrisis&Outpost&MADiSON&TheBridgeCurse&Hellslave&TaikouRisshiden&Overprime&SonsOfTheForest&Marauders&Decision&Dolmen&Wildfrost&CardShark&Avatar&WarfareSimulator&yixianpai&Pwnk&VRising&NinjaTurtles&MarvelSnap&SoulDossier&CrossGate&20MinutesTillDawn&DMHDXY&ARENA&CallistoProtocol&MarioStrikers&NewPalHotel2&RomanRenaissance&StormGate&mishi&theangler&MasterDuel&XXLZZ&QFBTT&CultoftheLamb&Thymesia&PowerWash&GutsAndGoals&GhostWatchers&BATTLEALLIANC&tycoon&DGDQL&Eagarlnia&djhzclybn&NileWarriors2&EvilWest&PlayAgain&Dinkum&Rumbleverse&SpiritofIsland&Rooted&ExpeditionAgartha&ShipofFools&PlateUp&LostLight&RoboRevengeSquad&Tiandiguixu&WinterSurvival&DuneAwakening&Everywhere&LordsofFallen&SengokuDynasty&HighonLife&LiesofP&Moonbreaker&ParkBeyond&TheOutlastTrials&40KDarktide&FarthestFrontier&BloomingBusiness&Steelrising&Isonzo&Scorn&Requiem&SonicFrontiers&LastofUs&YouSuckatParking&GWYF&WanderingVillage&ACJADE&REDFALL&TEARSKINGDOM&BJXYL&Shatterline&Wolong&KAKU&AtomicHeart&FromSpace&ATLASFALLEN&Brotato&FueledUp&SundayGold&Batora&FoodTruckSimulator&BREAKOUT&shiling&DespotGame&Bibots&Warhaven&ScarletandViolet&TheFirstDescendant&Eville&BeneathOresa&MianJuGuMu&GUNGRAVEGORE&TheDevilinMe&Kingshunt&MarvelMidnightSuns&WeirdRPG&THEPERCEIVER&EvercoreHeroes&MomentinEast&SoulstoneSurvivors&McPixel3&FrozenFlame&ASTLIBRARevision&TheKnightWitch&IXION&BraveryandGreed&TheGatheringArena&zjyqk&douxian&ffjy&SJHDYX&DwarvenSkykeep&lhxxl&Kainga&GoonyaMonster&DivineKnockout&wxnn&TheWitcher&potioncraft&Spiritle&DarkandDarker&Pragmata&KTJL&Jianghu11&ARK2&ChildrenSilentown&XDefiant&OddBallers&ACMirage&WJYX&TravelerofWuxia&Warlander&LevelZero&HiFiRush&Inkulinati&WildHearts&Afterimage&ScarsAbove&Season&TaoistofLegend&CrazyforLove&PacificDrive&AnthologyofFear&Blanc&PAYDAY&FloatingLife&404GAMERESET&UnchartedWaters&CrimeBoss&AtelierRyza3&FinalFantasyXVI&StreetFighter&GUIZU&Tchia&HerosAdventure&FATALFRAME&LastEpoch&Gollum&Ravenbound&MysteryMansion&MeetYourMaker&TEKKEN8&SystemShock&Exoprimal&FlameKeeper&PrisonLife&Innchanted&LightyearFrontier&TheGreatWar&Palworld&ScreamingChicken&ForTheKing&LifebyYou&StrayBlade&SpeedStorm&YokaiWatch&FishingSimulator&Lostlands&MenofWar&InsidetheBackrooms&Eresys&DrakesOdds&HARDCORE&BBHMYZN&PJXQ&PaxDei&GTZHG&MXW&KLCS&GodofRock&QSD&PetHotels&Teravit&HSLM&TheMountainKing||wzry&LOLM&hpjy&aqtw&ht&hyrz&smzhsy&HarryPotter&EGAME&mdnf&JGAME&tdsy&yuanshen&HHWRXHX&wgjx&htzx&HLMJ&wzrpg&ZGXQ&tysy&DFTK&xyzx&phone&APEXM&mhxy&qqfcsy&dwrg&hlddz&hyld&yys&LRS&jj&mhxzx&jbdj&rlybtdsjb&jddsaef&yrzx&zzq&bhxl&fydxd&cloudgame&PPKDCSY&stzb&glgs&hszz&wpzs&ChessRush&rzbxs3&sw3&mhmnz&skzq&jyyz&hhwrsyz&BWP&qqdzz&yxs&mykdb&MHXX3D&KDXLC&jw3zjjh&blct&jyjy&xxajh&mhls&lrlr&mrzh&yzs&jzpaj&JDZC&DLHGL&tcsdzz&sdsxs&wd&mlbbsy&zqnba&LXQW&rxjl&rmsy&mlzh&xcpd&jtlqsy&MNSJ&hyxd&zspms&dhxy2kdb&fifazqsj&jl&yiqilaizhuoyao&mrfz&zyhx&huoyingrenzheOL&ymjh&wmcq&wmsjsy&kof98&zzsz&mtfsy&srh&lhjx&xjcs&liuxinghudiejian&tssy&tpbsn&TTT&sqsd&kybc9&rpgsy&ttkp&yh&lje&qnyhsy&jdzc2&zzywm&jqys&cqsy&hlsj&Majsoul&ecysy&tianlongbabuonline&zt2sy&wwzw3D&wlwz&MT4&skzh&FZ&wdyz&sjdg&4399yx&shnycs&crlq&yuanqiqishi&hjolsy&hyxhn&ZWDZJS&zjz&elsfkhyj&ezfy2&swy&lzgsy&sezg&lzzqzz&xurong&ccymf&jjssjd&qjjx&skygy&yxwjdlj&dfzj&slcbsy&jszh&ltyx&xunxian&waddz&ttxq&wgjy&frxy&mhzx&zhyhc&bsymg&jtjs&xylz&tldk2&lzhx&qpzdj&YJDWB&jwszjdy&nzhh&jianxiaqingyuan&yhzd&qhmy&SGSSY&Roblox&dieryinhe&zqsy&yyzy&sm&jzds&wpzz&qldyxbdjz&QQxwSY&ymrdzz&qmqz2&qsmysj&lztg&TLBB&tkdjz&hyj&dlsy&qclq&zjz2spr&yqyn&sdyxl&fjdz2&arlsbd&yqlfc&mjll&fzdl&jsdj&xyjlwys&WLQP&fsbnsonline&yjnsh&jl2&ztyx&srhsy&jgjh&blr3&zmq&lyzd&ywsy&jdhcr&BLQX&cqsjsy&hwz&fkdwcscjnh&lszw&wxysy&yxasg&yhjy&qycnlzz&gdxf&csmqs&lswz&smbbxy&xjqxz4&grsm&cahsh&lqsy&ysdl&pskqy&wsm&nntg&ysswz&ftxd&gqdfzz&qtsy&qlyfz&lhj&HAIDAOJIYUAN&rxzq&mygj&lszt&ymssg&jszd&kddj&wpys&cbqft&yyjh&gmdl&xyz&diabloimmortal&ldjsy&ysj&yln&yhyx&xsmdl&gzlj&sgzzlb&mezy&slwg&kdjx&qylh&tdj&yysygw&lxfb&Disorder&ygmdzqsjs&hczs&atsj&ysczg&ryzhg&tlbbsy&zjls&dqdgzdgfy&wzq&wq&kjtxd&mxxdl&sgzhxdl&zmws&qqxd&FXBP&LZCC&zfyby&XSDQXZ&ydzz&zxsy&wxsh&fhzz&lmjx&xgczy&mhhy&zqwn&MYZREN&JNBJT&lzg2sy&bxzl&zjqx&GNSBT&QYN&wdxk&sgyx&jsz&zsgwsb&dhxysy&XZ&YZR3&kdjh&SNSGZ0&mgzz2&kxxxl&BR&zznh&zsg&hsqsl&wcfhl&xjxqysy&xydj&dcxhjycj&jrcs&xdwzx&cfxf&csxb&ynxy&xswc&SJZ&skhlr&HJJH&yzjlzl&hqxy&hdqb&gtll2&bgyry&fswqg&xjqxzjy&mysy&dtwssy&tlrysy&ybyq&ybyq2&plm&yyd7rzd&tkl&bjzl&dtpk&tdydxc&JWS&LHCX&TKWD&egzdsy&zjsjsjz&fsbns&mwcjzbz&ygcq&xssh&ab&ngxs2&kbzy&tsjy&sslj&xyneg&shjh&nslm2&snxyj&snsgz&snsgz2&bksyyd&gqs&hsqj&jzdbz&mskp&qyq&sydpx&sz&shuojian&xmddz&QMXJD&qmqj2&yuanshichuanqi&dxcb2&jhzd&mxsj3&YSQTH2&hhcq&ltcq&txcq&wmcq1&ygcq1&yxcq&zxcq&jxqst&mxysy&mjxwzjyjj&lxywq&zmr&gjjh&jlzj&ydydja&zhjwsq&dldldszl&dldlwhjx&dldl2jstm&yxqst&tzlr&gdzz&mhjy&rmjh&lxyxt&tldk&jm&mxywk&zsjx&jzxjzh5&rydts&ahdts&gjqwlh5&rxzg&lycq&qz&sjtl&zlgl&frxxzgjbh5&shtz&sssfh5&wdcq&smcs&dcz&cllrh5&gcld&yxzbqh5&dhd&wddgh5&dmbj&cgfsl&rogqhy&csj&kyxh&qhjx&mrsc&wxs&dxcb&akdy&jylh&mwysq&wpgx&ttdbl&hdqy&gymc&xljx&dtszj&hjcj&mf&zdsnpk&bkmdrx&jszzj&qztx&smbbxsj&xxqp&jsxw&ydcs&dldl&yqklnw&pxr&kgqgj&djlwol&jjxq&dwct&tjb&jll&qjzj&wzxx&yjxx&hxjy&xxtjd&zmxyol&hdczjh2&rxsj&lzzz&oxqjw&mlqy&weplanet&btdbz&htrj&aqcssy&ydwx2y&sgzjxz&zdblh&qmzs&xyoxj_qxsy&jkxm&qmz&mmkfw&hysxzy&emmj&ysdmg&gylj&sndwz&jjals&bzfgx&xzbd&cswb&mzsyz&lrdj&lxtsxwdyq&PUBGNS&hyzz&dbzx&bbd&hlwxd&fsdmv&wzsj1&zmxy4&zmxywz&zsyj&MarvelSuperWar&LHRW&xxcz&ytzg&hjczjh&xyjjzy&lzjx&tbyl&rxhj&btxd&hzzzcz&NSHM&lyzt&zjlm&haygm&hallw&lygyd&mj&snqx&ymsd&yj&nhsywx&fhzj&rgyszyess&nsxq&xbxxz&ycyq&hlsg3&lhbj&bzyxt&alx&zswg&jdws&tlmwy&mqxq&bqdwll&Gamer&wxwy1&jdzjjb&lzsll&qcfy&mfdx2&lyxy&xksd&yyjhsy&tgbfl&fzjt&qwsk&whncd&yfdgs&bnyly&ctlyy&wats&sszm&zyj&qqlm&slsy&jhyy&WPJS&wmyzf&jubao&ycdjh&SJJQ&blhxsy&bcjh&300dzz&2047&jdzddzz&hxq&sycjc&PokemonUNITE&wjxt&ysfj&hmby&evexzqywjxh&xyzjh&gyyzl&tlgd&qxfz&fzjh&T3&zwdzjs2&msyxz&qqyx&djsyhyjs&czqst2&ycjq&ycyy&tyj&sjwy&bfzy&whrhx&mzc&modou&sdsxszyz&wdsjp&cfsyts&projectgaia&bhxy2&dldlhsdj&xbwy&yycydzj&gmlycsmz&mwdj&nnzdxsg&fzyzh&lsccz&dyqlb&cbcsdld&yjdnxsxx&wshhj&jccy&mgqy&jtzqyxsd&tyqk&xycs&dhmme&snkz2020daydh&frmsscwy&mxrjs&jmlzj&szqy&syzg&myrzx&lnzs&sgyytswj&cjjy&hjjb&qxsd&cljj&stedl&dmxkl&tgjy&hhqw&setdl&bxzd&oxmhj2&kkbh&lmz&hyrjgd&hyzzcz&jdyy&jxsj3&zhyhc2&gctx&sgwg&cbhx&fzzl&yjsws&mcdzjs&xssd&xxdyfz&wjdlglr&gjsdzz&cmsgz&sxsn&aehy&wlyxc&wmdbz&jessj&zwmgc&nyzx&synn&wsmj&zgyx&cjjlsb&qlfhl&ydxy&wzqy&jzry&djlwonline&rxjx&mncswssc&jzsgz&cfdg&tgxz&cahx&hjzgwx&cljt&fhcsg&mtyhdt&zjzc&fszx&mtj&mjfy&wzzx&ldaqxy&mjzz&hwxq&zasn&bxjh&fx&fxdsht&jsfhlc&sglhz&fknsg3&gjj&gjqtmyr&llcy&clsy&hyrzrzxsd&zhyry&mryz&zqsg2&gddtk&zcyxwy&xdldl&yqlfc2&dssc&xxhhswc&zcsg&wyddbkk&hyldtxb&xxyz&mxgj&xbbcq&sgzj2&alsdgd&wdzj&zzwg&wsddj&xczwc&wyftshz&styy&yjfb&mlgwy&amlz&mxgs&olzz5dg&ghyj&jnbg2&dhhtxwy&mrlx&wz7nhdzn&hhrj&yqcrzqzn&wgbwz4&bsjzl&ygsz&mslf&atmyzyx&xsgs&nk&chsg&atmxlol&HXDDZ&hhwm&jzymq&jtzq&qt&trssgshc&xlzz&lzzx&mxw3ol&cjhym2&wjhd&mj2&htxxj&wdqs&hyrzdfdj&yqqsxz&mxw2&mjj&tfzg&jlsg&wzfrnxn&xxwqn&pwz&ps&bcfdgs&hcrlm2&hyrj&sgzlbc&llycjh&fcptdlsy&zjtx&skqhjl&qzls&cjgzj&ddt&dhma&demmogsxl&cydgd&sklr&mmxd&gghjmx&sgzjjx&cmstg&qsfz&xjnz&dyddj&cyzj&ymqggs&lfl&zmtm&lovelivexyoxj&ysl&hesmsy&mlbblr&xzj&dject&xzjh&cfbmxj&yqcrzyzx&hjchg&xhx&dzyzcmllc&lzcq&hsahc&mlbbgl&zszz&ryxsg&zmzxynbt&dfjs&dzpd&xdmbj&XYCQSY&yhtj&byswz&mxxfd&bhxqtd&wxcy&wly2&blmn&dxcb3hzs&lszl&wlxx&tmyx&ydqsl&haygmsy&gywzsbcslmzds&ynds&jwdzg&warmsnow&mnxshx&Naraka&wqmt&ngqr&skzy&hxshz&CFSY&xtlbbsy&wszj&sklr3&bwlb4&cbjq&mrfzzmd&TOD&CQTX&mrjy&TotalFootball&yszt&atmjj&jhzd2&h&qmdgl&hhwmxzz&GunfireReborn&FlashParty&g_hysg&g_wyqt&mcdztzmwd&sgzjsy&BOTC&jql&warcraftrumble&QMPPCR&RECODM&zhsy&ipyx&blywdsy&cm&QPYX&ddhcr&warconvention&abdmxgd&jlsy&lzgsj&taptapxy&g_yhlhwx&AUDITION&slwz&lmzh&hxzz&yscqr&fdmxforager&dzxywpdj&llzjwzhpdsj&cfbmf&ymrdzz2&jhcoa&dyzl&xhbjq&zmyzp&qmhhzzmnq&zj11rgjqh&kzysqh&jws2&lczb&wjmtgl&FrostpunkSLG&ZERO&wzwxq&dhpx&srjh&Yanglegeyang&lwzj&xxyg&SpaceLeaperCocoon&SLG&Infinitykingdom&DHGB&tszz&IslandAliance&hoopheroes&MetalSlug&g_ddtdmx&sgzjl&g_jyhx&BJHL&zdwj&g_sgzzqb&yqcrsj&GooseDuck&rzggl&SuperSus&tlbb2flzt&wzcq&P5X&g_bj&mwx&DHUH&ZOOBA||ecy&yqk&XX&music&HW&ms&ip&xdpd&yinyu&dance&QSH&dtxs&yltj&xy&ysny&WHFZ&WHTYXY&HBDX&HAU&SUFE&CCNU&WIT&HBUE&WUT&HU&WVCSE&HAFA&WUB&WSU&WRVCT&JU&WHU&HUST&HEUET&BSU&BCU&SCMZU&XDU&NEU&DMU&CUGWH&ECJU&SJU&NU&SU&CUST&HCP&WHC&JCMAMC&JMZYXY&GYET&QAU&ZKY&USC&HEBUST&SDADA&BUAA&GXLG&BIFT&HBUT&XUST&XJNU&TSZYU&XJAU&CJXY&XGY&XLG&SHZU&XJCP&XJTYZYJSXY&XJUFE&XJMU&XJU&HENU&QLU&QUST&YRCTI&HUMC&AHPU&QU&SDJTXY&HIE&SXIT&XAWL&GHUT&HQU&HUTETC&ZSU&BTXX&SUMC&WITPT&CUPT&YNU&SCFTC&CQUT&CUMC&TIVC&NBU&JUFE&SCCM&WCCVT&g_cgtj||yz||wh&qezb&smkj&shrw&car&kepu&jlp&DYGW&jiaoyu||paidui&DIANT&yiqiwan&KHCD&Sing&cpdd&sweettalk||yyjy&yyzs&lianmaihudong&ylkh||xxdd&znl||eracing||jdy",
    "分类截取模式": "0",
    "分类列表数组规则": "data.list",
    "分类片单是否Jsoup写法": "1",
    "分类片单标题": "roomName",
    "分类片单链接": "rid",
    "分类片单图片": "roomSrc",
    "分类片单副标题": "nickname",
    "分类片单链接加前缀": "http://huanqiuzhibo.cn/manifest/douyu.php?id=",
    "分类片单链接加后缀": "#IILL线路$https://live.iill.top/douyu/'input'",
    "搜索请求头参数": "User-Agent$手机",
    "搜索链接": "https://m.douyu.com/api/search/liveRoom;post",
    "POST请求数据": {"sk":"{wd}","offset":0,"limit":20,"did":"bf1f5579c0b2f6066af0bee200051531"},
    "搜索截取模式": "0",
    "搜索列表数组规则": "data.list",
    "搜索片单是否Jsoup写法": "1",
    "搜索片单图片": "roomSrc",
    "搜索片单标题": "roomName",
    "搜索片单链接": "roomId",
    "搜索片单副标题": "nickname",
    "搜索片单链接加前缀": "http://huanqiuzhibo.cn/manifest/douyu.php?id=",
    "搜索片单链接加后缀": "#IILL线路$https://live.iill.top/douyu/'input'",
    "链接是否直接播放": "1",
    "直接播放链接加前缀": "",
    "直接播放链接加后缀": "",
    "直接播放直链视频请求头": "User-Agent$MXPlayer/1.86.0",
    "是否开启手动嗅探": "1",
    "手动嗅探视频链接关键词": "/douyu#yiandrive",
    "手动嗅探视频链接过滤词": ".html#=http"
}